discounted_price,rating_count,rating,discount_percentage,category,price_tier,estimated_revenue
5.75,1066.0,3.4,76.0,Home&Kitchen,Budget,6129.5
2.27,2737.0,4.2,37.0,Home&Kitchen,Budget,6212.99
21.59,687.0,3.8,45.0,Home&Kitchen,Economy,14832.33
17.69,1045.0,4.1,68.0,Home&Kitchen,Economy,18486.05
395.99,7298.0,4.2,28.0,Electronics,Premium,2889935.02
4.42,387.0,4.2,47.0,Computers&Accessories,Budget,1710.54
15.59,4415.0,3.3,78.0,Electronics,Economy,68829.85
24.4,422.0,3.4,53.0,Home&Kitchen,Economy,10296.8
31.19,1526.0,4.5,63.0,Electronics,Economy,47595.94
28.79,397.0,3.8,43.0,Home&Kitchen,Economy,11429.63
7.79,67260.0,4.4,73.0,Electronics,Budget,523955.4
197.99,21350.0,4.0,21.0,Electronics,Premium,4227086.5
8.38,3160.0,4.2,0.0,Home&Kitchen,Budget,26480.8
395.99,4703.0,4.3,31.0,Electronics,Premium,1862340.97
16.79,9378.0,4.0,14.0,Electronics,Economy,157456.62
2.99,1079.0,3.8,69.0,Electronics,Budget,3226.21
23.87,67260.0,4.4,43.0,Electronics,Economy,1605496.2
515.99,6753.0,4.1,28.0,Electronics,Luxury,3484480.47
119.64,4049.0,4.3,23.0,Home&Kitchen,Mid-Range,484422.36
3.59,33434.0,4.6,46.0,Computers&Accessories,Budget,120028.06
16.79,11074.0,4.3,44.0,Computers&Accessories,Economy,185932.46
3.59,8891.0,4.3,70.0,Electronics,Budget,31918.69
7.97,925.0,4.1,55.0,Home&Kitchen,Budget,7372.25
4.16,1121.0,3.5,65.0,Computers&Accessories,Budget,4663.36
98.39,18497.0,3.9,49.0,Home&Kitchen,Mid-Range,1819919.83
3.59,94363.0,4.2,63.0,Computers&Accessories,Budget,338763.17
3.59,94363.0,4.2,63.0,Computers&Accessories,Budget,338763.17
17.99,8656.0,4.5,50.0,Computers&Accessories,Economy,155721.44
81.48,3192.0,4.5,38.0,Home&Kitchen,Mid-Range,260084.16
743.99,6753.0,4.1,11.0,Electronics,Luxury,5024164.47
5.98,113.0,3.2,59.0,Home&Kitchen,Budget,675.74
26.39,340.0,3.5,45.0,Home&Kitchen,Economy,8972.6
25.19,17129.0,4.3,65.0,Electronics,Economy,431479.51
3.59,94363.0,4.2,57.0,Computers&Accessories,Budget,338763.17
1.67,9378.0,4.0,44.0,Computers&Accessories,Budget,15661.26
11.99,386.0,4.2,33.0,Home&Kitchen,Economy,4628.14
4.79,21372.0,3.9,60.0,Electronics,Budget,102371.88
29.99,828.0,3.7,58.0,Electronics,Economy,24831.72
1.98,1674.0,4.5,0.0,OfficeProducts,Budget,3314.52
4.68,287.0,3.8,51.0,Home&Kitchen,Budget,1343.16
38.15,743.0,4.0,55.0,Home&Kitchen,Economy,28345.45
38.39,3242.0,4.0,47.0,Home&Kitchen,Economy,124460.38
185.88,32916.0,4.2,26.0,Electronics,Premium,6118426.08
10.79,681.0,3.0,74.0,Electronics,Economy,7347.99
173.99,2026.0,4.3,38.0,Home&Kitchen,Premium,352503.74
185.88,16299.0,4.3,26.0,Electronics,Premium,3029658.12
38.99,4978.0,4.0,49.0,Home&Kitchen,Economy,194092.22
8.39,1106.0,4.1,18.0,Home&Kitchen,Budget,9279.34
87.59,902.0,3.4,62.0,Electronics,Mid-Range,79006.18
7.92,91.0,3.6,40.0,Home&Kitchen,Budget,720.72
83.99,1728.0,4.1,53.0,Home&Kitchen,Mid-Range,145134.72
7.88,13944.0,4.3,34.0,Computers&Accessories,Budget,109878.72
3.59,425.0,3.8,67.0,Electronics,Budget,1525.75
23.99,240.0,4.3,76.0,Electronics,Economy,5757.6
4.19,18757.0,4.4,13.0,Computers&Accessories,Budget,78591.83
1.55,9378.0,4.0,48.0,Computers&Accessories,Budget,14535.9
43.89,12837.0,3.9,29.0,Home&Kitchen,Economy,563415.93
2.93,478.0,3.3,51.0,Home&Kitchen,Budget,1400.54
38.39,20869.0,4.0,36.0,Home&Kitchen,Economy,801160.91
40.19,1954.0,4.3,16.0,Home&Kitchen,Economy,78531.26
2.15,81.0,3.9,40.0,Computers&Accessories,Budget,174.15
3.95,94363.0,4.2,53.0,Computers&Accessories,Budget,372733.85
6.47,36017.0,4.1,25.0,Home&Kitchen,Budget,233029.99
16.43,227.0,3.3,54.0,Electronics,Economy,3729.61
4.19,14282.0,4.0,73.0,Electronics,Budget,59841.58
10.79,22375.0,4.1,50.0,Computers&Accessories,Economy,241426.25
6.23,30058.0,4.3,62.0,Computers&Accessories,Budget,187261.34
78.59,2961.0,4.0,53.0,Home&Kitchen,Mid-Range,232704.99
45.59,1641.0,3.5,28.0,Electronics,Economy,74813.19
4.79,493.0,3.6,60.0,Electronics,Budget,2361.47
144.0,4744.0,4.3,60.0,Electronics,Mid-Range,683136.0
21.59,18678.0,4.1,28.0,Electronics,Economy,403258.02
16.19,441.0,3.8,55.0,Home&Kitchen,Economy,7139.79
10.19,20457.0,4.0,83.0,Computers&Accessories,Economy,208456.83
21.59,20342.0,4.3,38.0,Computers&Accessories,Economy,439183.78
17.99,2591.0,4.7,57.0,Home&Kitchen,Economy,46612.09
10.67,55747.0,4.3,64.0,Computers&Accessories,Economy,594820.49
5.99,6742.0,3.9,38.0,Electronics,Budget,40384.58
23.99,388.0,4.4,33.0,Home&Kitchen,Economy,9308.12
34.84,2299.0,4.3,12.0,Home&Kitchen,Economy,80097.16
2.08,1237.0,4.3,83.0,Electronics,Budget,2572.96
155.99,56098.0,4.1,4.0,Electronics,Premium,8750727.02
32.38,15034.0,4.0,32.0,Home&Kitchen,Economy,486800.92
1.19,5036.0,4.3,0.0,Home&Kitchen,Budget,5992.84
14.39,33584.0,4.0,52.0,Electronics,Economy,483273.76
3.52,44994.0,3.9,41.0,Home&Kitchen,Budget,158378.88
1.19,24871.0,3.9,88.0,Computers&Accessories,Budget,29596.49
1.79,2523.0,3.5,85.0,Computers&Accessories,Budget,4516.17
8.39,2300.0,4.7,56.0,Home&Kitchen,Budget,19297.0
10.48,1680.0,4.4,49.0,Electronics,Economy,17606.4
107.88,350.0,3.9,53.0,Electronics,Mid-Range,37758.0
395.88,567.0,4.3,42.0,Electronics,Premium,224463.96
167.99,18998.0,4.1,28.0,Electronics,Premium,3191474.02
371.88,7109.0,4.3,41.0,Electronics,Premium,2643694.92
5.39,3231.0,4.0,25.0,Computers&Accessories,Budget,17415.09
12.59,111.0,3.1,38.0,Home&Kitchen,Economy,1397.49
8.6,4867.0,4.0,48.0,Home&Kitchen,Budget,41856.2
161.88,11976.0,4.3,39.0,Electronics,Premium,1938674.88
23.63,4927.0,4.1,61.0,Home&Kitchen,Economy,116425.01
1.08,3061.0,4.3,10.0,OfficeProducts,Budget,3305.88
2.76,9427.0,4.5,0.0,Home&Kitchen,Budget,26018.52
26.39,29472.0,4.2,78.0,Electronics,Economy,777766.08
124.67,41398.0,4.4,68.0,Computers&Accessories,Mid-Range,5161088.66
2.94,1660.0,4.1,18.0,Home&Kitchen,Budget,4880.4
17.99,303.0,4.1,57.0,Home&Kitchen,Economy,5450.97
34.36,6987.0,4.3,22.0,Home&Kitchen,Economy,240073.32
203.99,31822.0,4.1,19.0,Electronics,Premium,6491369.78
4.99,30023.0,4.2,31.0,Electronics,Budget,149814.77
23.98,27696.0,4.3,80.0,Electronics,Economy,664150.08
191.99,11206.0,4.0,35.0,Home&Kitchen,Premium,2151439.94
20.94,14160.0,4.2,27.0,Home&Kitchen,Economy,296510.4
38.99,14062.0,3.8,48.0,Home&Kitchen,Economy,548277.38
3.59,4674.0,4.3,50.0,Electronics,Budget,16779.66
23.99,7801.0,4.2,15.0,Home&Kitchen,Economy,187145.99
17.99,22638.0,4.2,85.0,Electronics,Economy,407257.62
26.63,468.0,3.6,28.0,Home&Kitchen,Economy,12462.84
1.07,9340.0,4.1,82.0,Electronics,Budget,9993.8
21.59,13937.0,4.2,91.0,Electronics,Economy,300899.83
335.99,4703.0,4.3,32.0,Electronics,Premium,1580160.97
1.8,15867.0,4.3,0.0,Toys&Games,Budget,28560.6
155.99,18998.0,4.1,28.0,Electronics,Premium,2963498.02
113.99,284.0,4.2,21.0,Electronics,Mid-Range,32373.16
3.05,2905.0,4.0,68.0,Computers&Accessories,Budget,8860.25
3.47,253105.0,4.3,56.0,Computers&Accessories,Budget,878274.35
15.48,6530.0,4.0,48.0,Home&Kitchen,Economy,101084.4
2.39,1335.0,4.2,50.0,Electronics,Budget,3190.65
18.35,29.0,3.3,49.0,Home&Kitchen,Economy,532.15
5.99,31539.0,4.2,0.0,Electronics,Budget,188918.61
9.9,3246.0,4.0,0.0,Home&Kitchen,Budget,32135.4
3.47,25886.0,4.4,51.0,Computers&Accessories,Budget,89824.42
1.79,1540.0,4.0,63.0,Computers&Accessories,Budget,2756.6
3.53,4426.0,4.3,94.0,Computers&Accessories,Budget,15623.78
8.94,13797.0,4.0,6.0,Electronics,Budget,123345.18
20.39,8873.0,4.1,15.0,Home&Kitchen,Economy,180920.47
1.67,4971.0,4.2,72.0,Electronics,Budget,8301.57
23.99,41349.0,4.2,38.0,Home&Kitchen,Economy,991962.51
0.83,255.0,4.3,77.0,Computers&Accessories,Budget,211.65
9.59,27139.0,4.3,80.0,Electronics,Budget,260263.01
2.51,107687.0,4.5,70.0,Computers&Accessories,Budget,270294.37
44.39,26543.0,4.1,14.0,Home&Kitchen,Economy,1178243.77
563.99,21252.0,4.3,33.0,Electronics,Luxury,11985915.48
2.58,121.0,3.5,57.0,Electronics,Budget,312.18
1.14,1949.0,4.2,81.0,Electronics,Budget,2221.86
2.39,7333.0,4.1,75.0,Computers&Accessories,Budget,17525.87
3.35,2646.0,4.2,81.0,Electronics,Budget,8864.1
10.79,10751.0,3.8,25.0,Electronics,Economy,116003.29
23.99,1986.0,3.7,80.0,Electronics,Economy,47644.14
17.98,95.0,3.8,35.0,Home&Kitchen,Economy,1708.1
4.55,2806.0,4.3,66.0,Computers&Accessories,Budget,12767.3
7.19,14560.0,4.1,57.0,Electronics,Budget,104686.4
2.15,1423.0,4.0,55.0,Computers&Accessories,Budget,3059.45
155.99,50772.0,4.1,32.0,Electronics,Premium,7919924.28
94.98,1376.0,4.3,21.0,Electronics,Mid-Range,130692.48
31.19,14947.0,4.1,41.0,Home&Kitchen,Economy,466196.93
89.99,313832.0,4.1,21.0,Electronics,Mid-Range,28241741.68
11.39,13552.0,4.4,53.0,Computers&Accessories,Economy,154357.28
395.88,7109.0,4.3,31.0,Electronics,Premium,2814310.92
4.78,257.0,4.1,80.0,Home&Kitchen,Budget,1228.46
15.89,128311.0,4.0,22.0,Electronics,Economy,2038861.79
8.99,31783.0,3.9,40.0,Home&Kitchen,Budget,285729.17
2.39,1075.0,3.9,80.0,Computers&Accessories,Budget,2569.25
5.99,1173.0,3.9,62.0,Electronics,Budget,7026.27
6.95,189104.0,4.3,59.0,Computers&Accessories,Budget,1314272.8
9.59,97.0,4.0,53.0,Home&Kitchen,Budget,930.23
6.84,3201.0,4.2,43.0,Computers&Accessories,Budget,21894.84
14.39,1802.0,4.3,66.0,Home&Kitchen,Economy,25930.78
5.99,5355.0,4.2,20.0,Home&Kitchen,Budget,32076.45
17.99,109864.0,4.1,62.0,Electronics,Economy,1976453.36
2.99,22860.0,4.2,50.0,Computers&Accessories,Budget,68351.4
47.99,73.0,4.4,60.0,Electronics,Economy,3503.27
5.83,30023.0,4.2,76.0,Electronics,Budget,175034.09
7.79,123365.0,3.9,48.0,Home&Kitchen,Budget,961013.35
35.99,20879.0,4.2,70.0,Electronics,Economy,751435.21
32.39,1296.0,4.2,43.0,Home&Kitchen,Economy,41977.44
3.71,426973.0,4.4,35.0,Electronics,Budget,1584069.83
16.79,141841.0,4.1,65.0,Electronics,Economy,2381510.39
13.19,22420.0,4.5,42.0,Computers&Accessories,Economy,295719.8
65.88,1408.0,4.5,24.0,Home&Kitchen,Mid-Range,92759.04
4.38,363711.0,4.1,63.0,Electronics,Budget,1593054.18
4.79,2685.0,4.1,64.0,Computers&Accessories,Budget,12861.15
3.23,28978.0,4.5,82.0,Electronics,Budget,93598.94
16.79,461.0,4.4,39.0,Home&Kitchen,Economy,7740.19
2.39,10234.0,4.0,60.0,Home&Kitchen,Budget,24459.26
2.39,1335.0,4.2,50.0,Electronics,Budget,3190.65
2.39,362.0,4.2,80.0,Computers&Accessories,Budget,865.18
86.39,1964.0,4.4,28.0,Home&Kitchen,Mid-Range,169669.96
5.99,3369.0,3.7,75.0,Electronics,Budget,20180.31
6.83,9275.0,4.4,56.0,Computers&Accessories,Budget,63348.25
3.9,10576.0,4.2,75.0,Computers&Accessories,Budget,41246.4
23.99,780.0,4.2,39.0,Home&Kitchen,Economy,18712.2
5.99,65.0,3.9,62.0,Home&Kitchen,Budget,389.35
155.99,50772.0,4.1,32.0,Electronics,Premium,7919924.28
8.17,8258.0,4.2,43.0,Computers&Accessories,Budget,67467.86
20.51,3029.0,4.4,57.0,Computers&Accessories,Economy,62124.79
29.88,3606.0,4.1,38.0,Electronics,Economy,107747.28
167.99,18998.0,4.1,28.0,Electronics,Premium,3191474.02
10.79,832.0,4.0,55.0,Home&Kitchen,Economy,8977.28
41.99,25340.0,3.9,40.0,Home&Kitchen,Economy,1064026.6
15.54,5760.0,4.5,0.0,OfficeProducts,Economy,89510.4
3.23,35877.0,4.4,59.0,Electronics,Budget,115882.71
25.19,992.0,0.0,16.0,Home&Kitchen,Economy,24988.48
7.19,577.0,4.5,29.0,Computers&Accessories,Budget,4148.63
17.99,28324.0,3.7,83.0,Electronics,Economy,509548.76
7.97,2198.0,4.0,55.0,Home&Kitchen,Budget,17518.06
38.28,1282.0,4.0,24.0,Home&Kitchen,Economy,49074.96
19.19,36384.0,4.0,54.0,Electronics,Economy,698208.96
5.38,17348.0,3.9,36.0,Computers&Accessories,Budget,93332.24
4.79,254.0,3.9,56.0,Electronics,Budget,1216.66
5.76,5719.0,4.3,20.0,OfficeProducts,Budget,32941.44
59.99,287.0,4.5,80.0,Home&Kitchen,Mid-Range,17217.13
26.85,11004.0,3.9,43.0,Home&Kitchen,Economy,295457.4
15.59,44050.0,3.8,63.0,Home&Kitchen,Economy,686739.5
2.22,1306.0,3.9,69.0,Home&Kitchen,Budget,2899.32
3.95,3492.0,4.2,67.0,Electronics,Budget,13793.4
23.99,30254.0,4.0,50.0,Electronics,Economy,725793.46
4.79,24269.0,4.2,64.0,Computers&Accessories,Budget,116248.51
17.99,92588.0,4.0,70.0,Electronics,Economy,1665658.12
19.19,676.0,3.7,54.0,Electronics,Economy,12972.44
16.14,2466.0,3.8,23.0,Home&Kitchen,Economy,39801.24
10.67,2284.0,4.2,56.0,Electronics,Economy,24370.28
1.79,4074.0,4.1,50.0,Home&Kitchen,Budget,7292.46
5.75,1559.0,4.2,52.0,Home&Kitchen,Budget,8964.25
10.79,30469.0,4.1,55.0,Electronics,Economy,328760.51
106.63,3065.0,4.2,25.0,Home&Kitchen,Mid-Range,326820.95
8.39,5736.0,4.0,53.0,Computers&Accessories,Budget,48125.04
9.59,28638.0,4.1,53.0,Electronics,Budget,274638.42
10.67,6400.0,4.3,31.0,Home&Kitchen,Economy,68288.0
75.59,3233.0,4.1,59.0,Home&Kitchen,Mid-Range,244382.47
263.99,32840.0,4.2,27.0,Electronics,Premium,8669431.6
71.99,1191.0,4.2,40.0,Home&Kitchen,Mid-Range,85740.09
57.47,1017.0,4.3,47.0,Home&Kitchen,Mid-Range,58446.99
104.39,5891.0,4.3,33.0,Home&Kitchen,Mid-Range,614961.49
4.02,3195.0,3.8,34.0,Home&Kitchen,Budget,12843.9
11.99,7317.0,4.5,50.0,Computers&Accessories,Economy,87730.83
22.67,49551.0,4.2,66.0,Computers&Accessories,Economy,1123321.17
5.48,1868.0,4.3,43.0,Home&Kitchen,Budget,10236.64
5.46,161677.0,4.1,69.0,Electronics,Budget,882756.42
20.39,54032.0,3.8,47.0,Home&Kitchen,Economy,1101712.48
0.71,9378.0,4.0,70.0,Computers&Accessories,Budget,6658.38
4.19,16557.0,3.8,65.0,Electronics,Budget,69373.83
1.39,485.0,4.3,42.0,Electronics,Budget,674.15
21.5,26194.0,4.5,49.0,Computers&Accessories,Economy,563171.0
21.83,7946.0,4.4,27.0,Home&Kitchen,Economy,173461.18
15.59,40106.0,4.2,0.0,Home&Kitchen,Economy,625252.54
12.52,15592.0,3.8,22.0,Home&Kitchen,Economy,195211.84
1.93,24.0,2.6,46.0,Home&Kitchen,Budget,46.32
8.39,6183.0,4.3,46.0,Electronics,Budget,51875.37
4.19,323.0,3.6,56.0,Electronics,Budget,1353.37
6.59,1313.0,4.0,45.0,Home&Kitchen,Budget,8652.67
10.19,356.0,3.9,43.0,Computers&Accessories,Economy,3627.64
7.79,1315.0,4.2,35.0,Electronics,Budget,10243.85
117.59,13251.0,4.3,19.0,Home&Kitchen,Mid-Range,1558185.09
23.99,1353.0,4.2,58.0,Home&Kitchen,Economy,32458.47
2.12,15188.0,4.1,65.0,Computers&Accessories,Budget,32198.56
2.39,270563.0,4.1,60.0,Home&Kitchen,Budget,646645.57
8.14,900.0,4.2,55.0,Home&Kitchen,Budget,7326.0
7.79,24269.0,4.2,68.0,Computers&Accessories,Budget,189055.51
14.39,14030.0,4.0,40.0,Home&Kitchen,Economy,201891.7
35.99,768.0,4.4,75.0,Electronics,Economy,27640.32
3.95,77027.0,3.9,67.0,Electronics,Budget,304256.65
9.59,5626.0,4.1,54.0,Computers&Accessories,Budget,53953.34
5.99,23.0,5.0,50.0,Computers&Accessories,Budget,137.77
3.95,29746.0,4.2,61.0,Computers&Accessories,Budget,117496.7
14.63,8891.0,4.4,28.0,Electronics,Economy,130075.33
263.88,1657.0,4.3,37.0,Electronics,Premium,437249.16
29.99,38879.0,4.1,58.0,Electronics,Economy,1165981.21
4.79,24269.0,4.2,64.0,Computers&Accessories,Budget,116248.51
17.99,136954.0,3.9,67.0,Electronics,Economy,2463802.46
17.99,21796.0,3.9,79.0,Electronics,Economy,392110.04
11.39,14969.0,3.9,53.0,Computers&Accessories,Economy,170496.91
251.99,9499.0,4.3,30.0,Electronics,Premium,2393653.01
5.39,11330.0,4.3,55.0,Computers&Accessories,Budget,61068.7
4.54,1779.0,4.1,62.0,Computers&Accessories,Budget,8076.66
151.31,2288.0,4.4,47.0,Home&Kitchen,Premium,346197.28
59.99,124.0,4.6,80.0,Home&Kitchen,Mid-Range,7438.76
20.39,11456.0,3.6,11.0,Home&Kitchen,Economy,233587.84
2.7,26556.0,4.4,10.0,Electronics,Budget,71701.2
43.19,136.0,4.2,55.0,Home&Kitchen,Economy,5873.84
24.3,6233.0,4.2,66.0,Electronics,Economy,151461.9
1.55,41.0,3.7,71.0,Computers&Accessories,Budget,63.55
27.59,282.0,3.8,43.0,Electronics,Economy,7780.38
14.99,7636.0,4.3,46.0,Electronics,Economy,114463.64
25.14,7949.0,4.5,0.0,Home&Kitchen,Economy,199837.86
3.16,690.0,3.5,62.0,Computers&Accessories,Budget,2180.4
73.44,6550.0,4.6,28.0,Home&Kitchen,Mid-Range,481032.0
10.19,91188.0,4.2,66.0,Electronics,Economy,929205.72
215.99,21350.0,4.0,18.0,Electronics,Premium,4611386.5
27.43,326.0,3.9,49.0,Home&Kitchen,Economy,8942.18
179.99,27508.0,4.3,0.0,Electronics,Premium,4951164.92
32.63,13406.0,3.7,31.0,Home&Kitchen,Economy,437437.78
12.83,313.0,3.9,37.0,Home&Kitchen,Economy,4015.79
31.14,22618.0,4.4,21.0,Computers&Accessories,Economy,704324.52
2.96,200.0,3.9,38.0,Electronics,Budget,592.0
8.39,1729.0,4.7,56.0,Home&Kitchen,Budget,14506.31
8.39,14404.0,4.0,42.0,Electronics,Budget,120849.56
299.99,32840.0,4.2,31.0,Electronics,Premium,9851671.6
26.15,8380.0,4.0,46.0,Electronics,Economy,219137.0
4.79,1161.0,4.1,50.0,Electronics,Budget,5561.19
4.74,330.0,4.0,21.0,Home&Kitchen,Budget,1564.2
1.61,16685.0,4.1,81.0,Electronics,Budget,26862.85
0.69,9378.0,4.0,71.0,Computers&Accessories,Budget,6470.82
19.18,11015.0,3.8,47.0,Electronics,Economy,211267.7
15.95,19624.0,4.5,54.0,Electronics,Economy,313002.8
10.79,15.0,3.4,44.0,Home&Kitchen,Economy,161.85
4.18,656.0,4.2,77.0,Computers&Accessories,Budget,2742.08
7.19,83996.0,3.5,67.0,Electronics,Budget,603931.24
6.47,14648.0,3.8,66.0,Electronics,Budget,94772.56
113.99,284.0,4.2,21.0,Electronics,Mid-Range,32373.16
155.99,18998.0,4.1,28.0,Electronics,Premium,2963498.02
7.19,140036.0,4.3,68.0,Electronics,Budget,1006858.84
3.23,17810.0,4.5,15.0,Electronics,Budget,57526.3
3.59,466.0,3.5,75.0,Electronics,Budget,1672.94
203.99,31822.0,4.1,19.0,Electronics,Premium,6491369.78
29.99,7571.0,3.9,50.0,Electronics,Economy,227054.29
7.62,4570.0,4.3,0.0,Home&Kitchen,Budget,34823.4
70.38,2737.0,4.4,25.0,Home&Kitchen,Mid-Range,192630.06
4.19,197.0,3.8,83.0,Electronics,Budget,825.43
9.59,418.0,3.7,60.0,Electronics,Budget,4008.62
23.94,10760.0,4.6,31.0,Computers&Accessories,Economy,257594.4
23.88,897.0,4.0,36.0,Electronics,Economy,21420.36
2.99,6558.0,4.0,38.0,Computers&Accessories,Budget,19608.42
0.6,5792.0,4.3,0.0,OfficeProducts,Budget,3475.2
4.19,513.0,4.2,65.0,Electronics,Budget,2149.47
1.67,1313.0,4.0,86.0,Computers&Accessories,Budget,2192.71
455.99,3587.0,4.3,42.0,Electronics,Premium,1635636.13
95.99,3022.0,3.8,50.0,Electronics,Mid-Range,290081.78
5.15,119466.0,4.1,28.0,Electronics,Budget,615249.9
16.79,9504.0,3.9,75.0,Electronics,Economy,159572.16
11.99,26603.0,4.6,66.0,Electronics,Economy,318969.97
1.79,1423.0,4.0,63.0,Computers&Accessories,Budget,2547.17
11.99,1690.0,4.3,60.0,Computers&Accessories,Economy,20263.1
3.0,13971.0,3.9,0.0,Electronics,Budget,41913.0
15.59,128311.0,4.0,19.0,Electronics,Economy,2000368.49
10.8,36384.0,4.0,64.0,Electronics,Economy,392947.2
5.99,5451.0,4.3,58.0,Computers&Accessories,Budget,32651.49
22.78,10689.0,4.1,62.0,Electronics,Economy,243495.42
20.39,7988.0,3.8,50.0,Home&Kitchen,Economy,162875.32
539.99,3075.0,4.3,10.0,Electronics,Luxury,1660469.25
29.99,12679.0,4.4,38.0,Computers&Accessories,Economy,380243.21
10.79,3663.0,4.0,53.0,Health&PersonalCare,Economy,39523.77
89.99,30907.0,4.0,6.0,Electronics,Mid-Range,2781320.93
16.91,427.0,3.9,36.0,Computers&Accessories,Economy,7220.57
1.43,5999.0,4.1,60.0,Electronics,Budget,8578.57
4.19,6676.0,4.2,65.0,Electronics,Budget,27972.44
32.34,2518.0,4.4,0.0,Home&Kitchen,Economy,81432.12
1.79,21764.0,3.5,63.0,Electronics,Budget,38957.56
74.39,10429.0,4.2,44.0,Home&Kitchen,Mid-Range,775813.31
1.8,714.0,4.3,75.0,Electronics,Budget,1285.2
7.31,1029.0,4.5,59.0,Electronics,Budget,7521.99
17.88,3543.0,4.4,12.0,Home&Kitchen,Economy,63348.84
221.99,22318.0,4.1,29.0,Electronics,Premium,4954372.82
1.07,241.0,4.2,10.0,Computers&Accessories,Budget,257.87
1.55,295.0,3.9,87.0,Computers&Accessories,Budget,457.25
7.74,3271.0,4.0,41.0,Home&Kitchen,Budget,25317.54
27.59,69622.0,4.2,71.0,Electronics,Economy,1920870.98
299.99,34899.0,4.2,22.0,Electronics,Premium,10469351.01
10.79,291.0,3.6,55.0,Home&Kitchen,Economy,3139.89
51.36,2112.0,3.8,29.0,Home&Kitchen,Mid-Range,108472.32
143.88,64.0,4.2,63.0,Electronics,Mid-Range,9208.32
1.92,2781.0,4.6,46.0,Home&Kitchen,Budget,5339.52
11.38,4370.0,4.1,41.0,Home&Kitchen,Economy,49730.6
185.99,19252.0,4.1,18.0,Electronics,Premium,3580679.48
4.78,75.0,4.0,80.0,Computers&Accessories,Budget,358.5
9.59,53648.0,4.1,47.0,Electronics,Budget,514484.32
3.59,1015.0,3.9,40.0,Home&Kitchen,Budget,3643.85
6.12,7229.0,4.1,20.0,Home&Kitchen,Budget,44241.48
17.38,19.0,4.5,52.0,Home&Kitchen,Economy,330.22
239.99,25824.0,3.9,20.0,Electronics,Premium,6197501.76
26.39,1085.0,3.9,44.0,Home&Kitchen,Economy,28633.15
33.48,588.0,3.9,43.0,Home&Kitchen,Economy,19686.24
4.55,3739.0,4.2,3.0,Home&Kitchen,Budget,17012.45
15.59,128311.0,4.0,19.0,Electronics,Economy,2000368.49
7.19,1087.0,3.9,85.0,Computers&Accessories,Budget,7815.53
2.77,490.0,4.1,11.0,Home&Kitchen,Budget,1357.3
9.59,34852.0,4.4,38.0,Computers&Accessories,Budget,334230.68
3.48,1977.0,3.7,17.0,Computers&Accessories,Budget,6879.96
2.99,5985.0,4.5,58.0,HomeImprovement,Budget,17895.15
251.99,25824.0,3.9,22.0,Electronics,Premium,6507389.76
19.21,156.0,4.2,59.0,Home&Kitchen,Economy,2996.76
2.39,9998.0,4.3,60.0,Computers&Accessories,Budget,23895.22
14.64,107151.0,4.1,69.0,Electronics,Economy,1568690.64
13.19,1811.0,4.3,42.0,Home&Kitchen,Economy,23887.09
3.59,33176.0,4.5,54.0,Computers&Accessories,Budget,119101.84
2.62,163.0,4.2,78.0,Computers&Accessories,Budget,427.06
130.81,398.0,4.1,65.0,Electronics,Mid-Range,52062.38
18.23,19763.0,4.4,20.0,Computers&Accessories,Economy,360279.49
6.59,5556.0,4.3,78.0,Computers&Accessories,Budget,36614.04
1.19,8751.0,4.1,90.0,Computers&Accessories,Budget,10413.69
11.99,7222.0,4.0,38.0,Electronics,Economy,86591.78
23.99,63899.0,4.3,33.0,Electronics,Economy,1532937.01
14.39,14961.0,3.8,76.0,Electronics,Economy,215288.79
32.9,11148.0,4.4,31.0,Home&Kitchen,Economy,366769.2
110.39,16020.0,4.0,49.0,Home&Kitchen,Mid-Range,1768447.8
3.02,3785.0,4.5,20.0,OfficeProducts,Budget,11430.7
21.59,9791.0,3.8,50.0,Home&Kitchen,Economy,211387.69
14.39,24780.0,4.4,45.0,Computers&Accessories,Economy,356584.2
39.68,2515.0,4.3,46.0,Computers&Accessories,Economy,99795.2
4.19,284.0,4.2,42.0,Electronics,Budget,1189.96
4.19,24791.0,4.3,77.0,Computers&Accessories,Budget,103874.29
35.99,154.0,4.1,62.0,Electronics,Economy,5542.46
3.59,20850.0,4.3,70.0,Computers&Accessories,Budget,74851.5
107.99,3145.0,3.8,33.0,Electronics,Mid-Range,339628.55
11.99,7779.0,4.7,66.0,Electronics,Economy,93270.21
17.57,14120.0,4.1,11.0,Home&Kitchen,Economy,248088.4
3.59,2766.0,4.0,25.0,Computers&Accessories,Budget,9929.94
59.99,758.0,3.8,29.0,Electronics,Mid-Range,45472.42
13.79,4383.0,3.8,54.0,Home&Kitchen,Economy,60441.57
10.79,185.0,4.1,55.0,Home&Kitchen,Economy,1996.15
7.19,192590.0,4.1,40.0,Electronics,Budget,1384722.1
119.99,6088.0,4.2,23.0,Electronics,Mid-Range,730499.12
1.44,4951.0,4.5,0.0,OfficeProducts,Budget,7129.44
7.19,4736.0,4.4,70.0,Computers&Accessories,Budget,34051.84
2.39,612.0,3.7,60.0,Computers&Accessories,Budget,1462.68
3.59,903.0,4.2,80.0,Computers&Accessories,Budget,3241.77
1.79,644.0,4.4,17.0,Electronics,Budget,1152.76
287.99,8866.0,3.9,27.0,Electronics,Premium,2553319.34
3.35,5072.0,4.0,79.0,Electronics,Budget,16991.2
3.35,28.0,4.8,44.0,Home&Kitchen,Budget,93.8
4.42,1240.0,4.1,47.0,Home&Kitchen,Budget,5480.8
3.11,43.0,4.0,74.0,Home&Kitchen,Budget,133.73
2.39,12153.0,4.2,72.0,Electronics,Budget,29045.67
11.99,3664.0,4.6,58.0,Electronics,Economy,43931.36
323.99,45238.0,4.2,37.0,Electronics,Premium,14656659.62
6.35,8599.0,4.1,65.0,Electronics,Budget,54603.65
32.39,727.0,4.0,29.0,Home&Kitchen,Economy,23547.53
2.39,2492.0,3.6,60.0,Electronics,Budget,5955.88
167.99,32840.0,4.2,44.0,Electronics,Premium,5516791.6
287.99,4703.0,4.3,31.0,Electronics,Premium,1354416.97
5.99,1030.0,4.4,50.0,Computers&Accessories,Budget,6169.7
11.39,1679.0,4.0,53.0,Home&Kitchen,Economy,19123.81
5.99,74.0,4.3,36.0,Computers&Accessories,Budget,443.26
2.82,197.0,3.5,61.0,Electronics,Budget,555.54
5.99,92995.0,3.9,50.0,Electronics,Budget,557040.05
5.39,9701.0,4.3,55.0,Computers&Accessories,Budget,52288.39
13.79,122478.0,4.2,32.0,Computers&Accessories,Economy,1688971.62
11.99,5492.0,4.5,52.0,Computers&Accessories,Economy,65849.08
13.07,3565.0,4.0,32.0,Electronics,Economy,46594.55
4.56,2111.0,4.4,5.0,Electronics,Budget,9626.16
4.43,32625.0,4.0,77.0,Electronics,Budget,144528.75
3.04,2664.0,4.3,49.0,Home&Kitchen,Budget,8098.56
2.39,13045.0,4.1,60.0,Computers&Accessories,Budget,31177.55
3.0,2628.0,4.2,0.0,OfficeProducts,Budget,7884.0
5.99,25177.0,4.4,55.0,Computers&Accessories,Budget,150810.23
4.79,12.0,4.3,50.0,Electronics,Budget,57.48
3.83,124.0,4.6,57.0,Home&Kitchen,Budget,474.92
104.39,3195.0,4.2,49.0,Home&Kitchen,Mid-Range,333526.05
5.39,242.0,4.0,59.0,Computers&Accessories,Budget,1304.38
17.27,4099.0,4.5,50.0,Computers&Accessories,Economy,70789.73
4.19,20850.0,4.3,50.0,Computers&Accessories,Budget,87361.5
39.59,1393.0,3.8,34.0,Home&Kitchen,Economy,55148.87
4.2,2262.0,4.2,61.0,Computers&Accessories,Budget,9500.4
3.11,2399.0,3.8,63.0,Computers&Accessories,Budget,7460.89
21.59,771.0,3.6,31.0,Home&Kitchen,Economy,16645.89
9.59,119.0,3.8,80.0,Electronics,Budget,1141.21
2.56,246.0,3.7,57.0,Electronics,Budget,629.76
172.8,3837.0,4.4,76.0,Home&Kitchen,Premium,663033.6
1.38,5692.0,3.3,88.0,Computers&Accessories,Budget,7854.96
131.99,18998.0,4.1,27.0,Electronics,Mid-Range,2507546.02
15.12,2891.0,4.2,26.0,Home&Kitchen,Economy,43711.92
34.79,8958.0,3.8,47.0,Home&Kitchen,Economy,311648.82
4.79,505.0,4.5,80.0,Electronics,Budget,2418.95
5.99,212.0,3.6,38.0,Home&Kitchen,Budget,1269.88
29.99,2732.0,3.8,37.0,Home&Kitchen,Economy,81932.68
23.99,17831.0,3.8,75.0,Electronics,Economy,427765.69
15.59,12452.0,3.9,63.0,Electronics,Economy,194126.68
77.88,27.0,4.0,35.0,Electronics,Mid-Range,2102.76
29.39,5206.0,4.0,28.0,Home&Kitchen,Economy,153004.34
20.34,14290.0,4.2,0.0,Home&Kitchen,Economy,290658.6
5.99,3036.0,4.1,47.0,Home&Kitchen,Budget,18185.64
19.19,30254.0,4.0,60.0,Electronics,Economy,580574.26
53.39,25006.0,4.4,22.0,Computers&Accessories,Mid-Range,1335070.34
17.99,25262.0,4.1,50.0,Electronics,Economy,454463.38
11.64,462.0,4.2,51.0,Computers&Accessories,Economy,5377.68
4.43,67259.0,4.4,47.0,Electronics,Budget,297957.37
33.59,38879.0,4.1,57.0,Electronics,Economy,1305945.61
4.76,3025.0,4.0,56.0,Computers&Accessories,Budget,14399.0
4.19,18656.0,4.1,22.0,Computers&Accessories,Budget,78168.64
100.19,3652.0,3.8,13.0,Computers&Accessories,Mid-Range,365893.88
12.59,328.0,3.6,58.0,Home&Kitchen,Economy,4129.52
21.59,13937.0,4.2,91.0,Electronics,Economy,300899.83
15.12,55.0,4.3,45.0,Home&Kitchen,Economy,831.6
11.75,157.0,3.9,51.0,Home&Kitchen,Economy,1844.75
14.39,3858.0,4.2,37.0,Home&Kitchen,Economy,55516.62
2.51,18872.0,4.4,65.0,Electronics,Budget,47368.72
359.99,7298.0,4.2,25.0,Electronics,Premium,2627207.02
1.67,14185.0,4.3,72.0,Electronics,Budget,23688.95
7.87,25903.0,4.3,56.0,Computers&Accessories,Budget,203856.61
7.19,578.0,3.9,79.0,Home&Kitchen,Budget,4155.82
9.59,8583.0,4.2,60.0,Computers&Accessories,Budget,82310.97
5.46,3578.0,4.1,54.0,Home&Kitchen,Budget,19535.88
14.39,5967.0,4.2,33.0,Home&Kitchen,Economy,85865.13
23.99,31305.0,4.2,75.0,Electronics,Economy,751006.95
21.59,13937.0,4.2,91.0,Electronics,Economy,300899.83
3.02,2249.0,3.7,75.0,Computers&Accessories,Budget,6791.98
659.88,3587.0,4.3,35.0,Electronics,Luxury,2366989.56
1.19,1396.0,4.0,90.0,Computers&Accessories,Budget,1661.24
17.99,21796.0,3.9,79.0,Electronics,Economy,392110.04
13.79,140036.0,4.3,71.0,Electronics,Economy,1931096.44
3.9,10576.0,4.2,70.0,Computers&Accessories,Budget,41246.4
15.85,15453.0,4.3,14.0,Home&Kitchen,Economy,244930.05
1.55,265.0,4.1,78.0,Computers&Accessories,Budget,410.75
10.79,23174.0,4.2,40.0,Computers&Accessories,Economy,250047.46
1.19,2451.0,4.1,80.0,Electronics,Budget,2916.69
113.94,79.0,4.2,50.0,Home&Kitchen,Mid-Range,9001.26
83.99,4003.0,4.2,46.0,Electronics,Mid-Range,336211.97
14.39,133.0,3.8,60.0,Home&Kitchen,Economy,1913.87
10.19,6736.0,4.1,15.0,Computers&Accessories,Economy,68639.84
4.14,1097.0,3.7,65.0,Computers&Accessories,Budget,4541.58
23.99,1880.0,3.8,57.0,Electronics,Economy,45101.2
19.87,6027.0,4.4,39.0,Home&Kitchen,Economy,119756.49
107.99,12796.0,4.0,25.0,Electronics,Mid-Range,1381840.04
167.99,19252.0,4.1,30.0,Electronics,Premium,3234143.48
4.55,670.0,4.1,75.0,Computers&Accessories,Budget,3048.5
4.79,12091.0,4.4,50.0,Electronics,Budget,57915.89
8.51,178817.0,4.1,65.0,Computers&Accessories,Budget,1521732.67
5.69,550.0,4.1,64.0,Home&Kitchen,Budget,3129.5
29.57,8866.0,4.1,59.0,Home&Kitchen,Economy,262167.62
2.36,136.0,3.8,61.0,Electronics,Budget,320.96
17.47,1776.0,4.1,54.0,Home&Kitchen,Economy,31026.72
17.99,92588.0,4.0,70.0,Electronics,Economy,1665658.12
11.99,18331.0,4.1,60.0,Electronics,Economy,219788.69
3.19,28030.0,4.5,16.0,Electronics,Budget,89415.7
15.59,27223.0,4.3,19.0,Computers&Accessories,Economy,424406.57
1.38,7732.0,4.0,77.0,Computers&Accessories,Budget,10670.16
4.25,1026.0,4.0,76.0,Computers&Accessories,Budget,4360.5
11.99,1777.0,4.3,50.0,Electronics,Economy,21306.23
36.5,777.0,4.0,49.0,Home&Kitchen,Economy,28360.5
7.18,2535.0,4.1,48.0,Computers&Accessories,Budget,18201.3
19.19,16182.0,4.2,56.0,Computers&Accessories,Economy,310532.58
14.39,2832.0,3.9,39.0,Home&Kitchen,Economy,40752.48
47.99,17161.0,4.3,78.0,Electronics,Economy,823556.39
3.91,10773.0,4.4,59.0,Electronics,Budget,42122.43
9.59,70.0,4.3,60.0,Home&Kitchen,Budget,671.3
4.79,1236.0,4.0,60.0,Electronics,Budget,5920.44
11.39,13552.0,4.4,53.0,Computers&Accessories,Economy,154357.28
41.98,12185.0,3.4,10.0,Computers&Accessories,Economy,511526.3
65.99,6398.0,4.2,58.0,Home&Kitchen,Mid-Range,422204.02
2.99,112.0,4.3,75.0,Computers&Accessories,Budget,334.88
9.59,2138.0,4.1,35.0,Home&Kitchen,Budget,20503.42
5.74,20218.0,3.8,32.0,MusicalInstruments,Budget,116051.32
14.39,47521.0,3.9,80.0,Electronics,Economy,683827.19
3.59,2957.0,4.1,57.0,Computers&Accessories,Budget,10615.63
3.59,28791.0,4.4,63.0,Computers&Accessories,Budget,103359.69
12.59,1779.0,3.9,54.0,Electronics,Economy,22397.61
18.35,68409.0,4.3,36.0,Computers&Accessories,Economy,1255305.15
19.19,67950.0,4.0,68.0,Electronics,Economy,1303960.5
4.79,3454.0,3.4,43.0,Electronics,Budget,16544.66
5.63,352.0,4.1,69.0,Computers&Accessories,Budget,1981.76
29.99,9090.0,4.0,75.0,Electronics,Economy,272609.1
8.39,3524.0,4.1,59.0,Home&Kitchen,Budget,29566.36
15.54,25771.0,4.1,28.0,Computers&Accessories,Economy,400481.34
359.88,211.0,4.1,54.0,Electronics,Premium,75934.68
19.37,37974.0,4.3,8.0,Home&Kitchen,Economy,735556.38
14.39,1202.0,3.9,50.0,Home&Kitchen,Economy,17296.78
82.2,144.0,3.9,43.0,Home&Kitchen,Mid-Range,11836.8
12.59,250.0,3.8,46.0,Home&Kitchen,Economy,3147.5
13.19,15276.0,4.3,42.0,Home&Kitchen,Economy,201490.44
17.99,15970.0,4.3,40.0,Electronics,Economy,287300.3
21.59,3517.0,3.9,55.0,Electronics,Economy,75932.03
93.59,3160.0,4.0,13.0,Home&Kitchen,Mid-Range,295744.4
77.99,5865.0,4.4,24.0,Home&Kitchen,Mid-Range,457411.35
19.19,1801.0,4.3,38.0,Electronics,Economy,34561.19
3.23,1092.0,4.1,76.0,Computers&Accessories,Budget,3527.16
4.07,974.0,4.3,69.0,Computers&Accessories,Budget,3964.18
23.99,27704.0,4.3,80.0,Electronics,Economy,664618.96
7.55,6301.0,4.4,55.0,Computers&Accessories,Budget,47572.55
39.48,168.0,4.3,43.0,Home&Kitchen,Economy,6632.64
7.39,37126.0,4.1,48.0,Home&Kitchen,Budget,274361.14
93.59,5160.0,4.0,38.0,Home&Kitchen,Mid-Range,482924.4
7.19,24247.0,4.2,24.0,Home&Kitchen,Budget,174335.93
26.39,29471.0,4.2,78.0,Electronics,Economy,777739.69
5.39,69585.0,4.4,44.0,Electronics,Budget,375063.15
35.71,3740.0,4.2,25.0,Home&Kitchen,Economy,133555.4
2.15,1934.0,4.0,64.0,Computers&Accessories,Budget,4158.1
3.18,465.0,3.7,73.0,Electronics,Budget,1478.7
3.59,24432.0,4.2,40.0,Electronics,Budget,87710.88
8.99,179692.0,4.2,44.0,Computers&Accessories,Budget,1615431.08
6.59,13029.0,4.2,50.0,Home&Kitchen,Budget,85861.11
22.67,17394.0,4.3,30.0,Computers&Accessories,Economy,394321.98
179.99,34899.0,4.2,25.0,Electronics,Premium,6281471.01
16.19,166.0,3.8,46.0,Home&Kitchen,Economy,2687.54
35.99,7148.0,4.1,50.0,Electronics,Economy,257256.52
81.6,10308.0,4.1,41.0,Home&Kitchen,Mid-Range,841132.8
6.85,38221.0,4.3,43.0,Electronics,Budget,261813.85
8.99,35693.0,4.2,33.0,Home&Kitchen,Budget,320880.07
29.99,35024.0,4.4,50.0,Computers&Accessories,Economy,1050369.76
13.19,4244.0,4.2,39.0,Home&Kitchen,Economy,55978.36
10.19,4184.0,4.2,29.0,Home&Kitchen,Economy,42634.96
8.99,2446.0,4.0,34.0,Home&Kitchen,Budget,21989.54
2.39,425.0,4.1,80.0,Computers&Accessories,Budget,1015.75
17.99,14667.0,3.9,16.0,Home&Kitchen,Economy,263859.33
15.59,301.0,4.3,48.0,Electronics,Economy,4692.59
1.06,9378.0,4.0,71.0,Computers&Accessories,Budget,9940.68
7.18,910.0,4.2,88.0,Electronics,Budget,6533.8
4.79,13120.0,4.2,69.0,Computers&Accessories,Budget,62844.8
3.28,20850.0,4.3,73.0,Computers&Accessories,Budget,68388.0
14.27,618.0,4.1,50.0,Home&Kitchen,Economy,8818.86
38.99,2569.0,3.9,48.0,Home&Kitchen,Economy,100165.31
15.59,4415.0,3.3,78.0,Electronics,Economy,68829.85
6.59,6422.0,3.6,73.0,Computers&Accessories,Budget,42320.98
44.52,1662.0,3.7,14.0,Home&Kitchen,Economy,73992.24
11.99,4881.0,3.6,36.0,Home&Kitchen,Economy,58523.19
18.78,11113.0,4.0,48.0,Computers&Accessories,Economy,208702.14
16.79,23169.0,4.4,44.0,Computers&Accessories,Economy,389007.51
7.19,58162.0,3.9,76.0,Electronics,Budget,418184.78
4.43,82.0,3.9,38.0,Home&Kitchen,Budget,363.26
0.47,15233.0,3.5,87.0,Computers&Accessories,Budget,7159.51
15.59,14629.0,3.8,57.0,Electronics,Economy,228066.11
2.39,7945.0,3.7,50.0,Home&Kitchen,Budget,18988.55
2.15,101.0,3.6,78.0,Home&Kitchen,Budget,217.15
2.58,1004.0,3.9,86.0,Home&Kitchen,Budget,2590.32
19.19,1951.0,4.4,20.0,Computers&Accessories,Economy,37439.69
5.11,222.0,4.1,57.0,Home&Kitchen,Budget,1134.42
23.99,17831.0,3.8,75.0,Electronics,Economy,427765.69
30.9,611.0,4.2,62.0,Home&Kitchen,Economy,18879.9
4.55,4149.0,4.2,75.0,Computers&Accessories,Budget,18877.95
2.21,4971.0,4.2,59.0,Home&Kitchen,Budget,10985.91
6.08,8131.0,4.1,58.0,Computers&Accessories,Budget,49436.48
29.99,3156.0,4.1,17.0,Electronics,Economy,94648.44
43.19,942.0,3.9,51.0,Home&Kitchen,Economy,40684.98
5.99,2125.0,4.3,38.0,Computers&Accessories,Budget,12728.75
7.19,26423.0,4.0,0.0,Computers&Accessories,Budget,189981.37
16.79,33717.0,4.2,44.0,Computers&Accessories,Economy,566108.43
2.99,1075.0,3.9,73.0,Computers&Accessories,Budget,3214.25
15.59,311.0,3.8,35.0,Home&Kitchen,Economy,4848.49
31.19,21783.0,4.1,56.0,Home&Kitchen,Economy,679411.77
11.98,7274.0,4.2,22.0,Home&Kitchen,Economy,87142.52
3.59,74977.0,4.5,63.0,Computers&Accessories,Budget,269167.43
28.79,444.0,4.1,48.0,Home&Kitchen,Economy,12782.76
3.23,54315.0,4.3,59.0,Computers&Accessories,Budget,175437.45
20.39,25488.0,4.2,58.0,Computers&Accessories,Economy,519700.32
4.79,2685.0,4.1,64.0,Computers&Accessories,Budget,12861.15
5.39,2102.0,4.0,55.0,Computers&Accessories,Budget,11329.78
18.59,15137.0,4.4,38.0,Electronics,Economy,281396.83
8.63,1045.0,4.1,52.0,Computers&Accessories,Budget,9018.35
3.59,1597.0,4.1,50.0,Computers&Accessories,Budget,5733.23
33.59,32931.0,3.9,26.0,Home&Kitchen,Economy,1106152.29
1.02,212.0,4.1,57.0,Home&Kitchen,Budget,216.24
8.36,144.0,3.8,54.0,Home&Kitchen,Budget,1203.84
26.99,3973.0,4.0,37.0,Home&Kitchen,Economy,107231.27
2.99,8427.0,3.3,50.0,Home&Kitchen,Budget,25196.73
15.59,23022.0,4.3,57.0,Computers&Accessories,Economy,358912.98
203.99,31822.0,4.1,19.0,Electronics,Premium,6491369.78
5.34,229.0,4.3,55.0,Home&Kitchen,Budget,1222.86
2.38,9344.0,4.1,75.0,OfficeProducts,Budget,22238.72
7.19,15790.0,4.3,25.0,Computers&Accessories,Budget,113530.1
2.39,43994.0,4.0,33.0,Computers&Accessories,Budget,105145.66
77.99,2810.0,4.3,28.0,Home&Kitchen,Mid-Range,219151.9
70.68,7241.0,4.5,22.0,Home&Kitchen,Mid-Range,511793.88
22.79,3842.0,3.8,50.0,Home&Kitchen,Economy,87559.18
16.79,2602.0,3.9,10.0,Home&Kitchen,Economy,43687.58
39.59,15783.0,3.9,20.0,Computers&Accessories,Economy,624848.97
3.9,2651.0,4.3,67.0,Computers&Accessories,Budget,10338.9
14.39,18543.0,4.0,40.0,Home&Kitchen,Economy,266833.77
359.99,1712.0,4.4,41.0,Electronics,Premium,616302.88
4.21,296.0,3.9,61.0,Home&Kitchen,Budget,1246.16
3.35,10962.0,3.7,44.0,Electronics,Budget,36722.7
13.79,178912.0,4.3,48.0,Electronics,Economy,2467196.48
1.88,4428.0,4.5,2.0,OfficeProducts,Budget,8324.64
29.99,93112.0,4.2,24.0,Electronics,Economy,2792428.88
0.71,9378.0,4.0,70.0,Computers&Accessories,Budget,6658.38
2.39,13568.0,4.5,67.0,Computers&Accessories,Budget,32427.52
13.19,2375.0,4.2,27.0,Computers&Accessories,Economy,31326.25
2.95,143.0,4.2,59.0,Electronics,Budget,421.85
19.98,14368.0,4.0,21.0,Home&Kitchen,Economy,287072.64
161.88,16299.0,4.3,41.0,Electronics,Premium,2638482.12
1.79,24871.0,3.9,85.0,Computers&Accessories,Budget,44519.09
2.28,2866.0,4.4,14.0,Electronics,Budget,6534.48
7.19,95116.0,4.3,33.0,Computers&Accessories,Budget,683884.04
137.99,4703.0,4.3,42.0,Electronics,Mid-Range,648966.97
167.99,18998.0,4.1,28.0,Electronics,Premium,3191474.02
7.04,557.0,4.1,55.0,Home&Kitchen,Budget,3921.28
9.59,2162.0,4.1,60.0,Home&Kitchen,Budget,20733.58
5.99,79.0,4.6,50.0,Home&Kitchen,Budget,473.21
13.79,4723.0,4.3,36.0,Computers&Accessories,Economy,65130.17
4.55,3049.0,4.3,66.0,Computers&Accessories,Budget,13872.95
2.51,479.0,4.0,58.0,Electronics,Budget,1202.29
2.12,3688.0,4.1,11.0,Home&Kitchen,Budget,7818.56
293.99,3518.0,3.9,51.0,Electronics,Premium,1034256.82
105.59,2981.0,4.4,24.0,Home&Kitchen,Mid-Range,314763.79
5.99,919.0,4.2,44.0,Computers&Accessories,Budget,5504.81
5.99,2740.0,4.1,62.0,Computers&Accessories,Budget,16412.6
17.94,7241.0,4.3,25.0,Computers&Accessories,Economy,129903.54
3.16,450.0,4.1,62.0,Computers&Accessories,Budget,1422.0
4.19,210.0,4.1,42.0,Computers&Accessories,Budget,879.9
21.59,26880.0,4.0,74.0,Electronics,Economy,580339.2
419.99,11029.0,4.2,10.0,Electronics,Premium,4632069.71
3.59,1454.0,3.9,57.0,Computers&Accessories,Budget,5219.86
3.59,8714.0,4.4,57.0,Electronics,Budget,31283.26
227.99,1001.0,4.0,46.0,Electronics,Premium,228217.99
101.99,6662.0,4.1,35.0,Electronics,Mid-Range,679457.38
24.59,178912.0,4.3,7.0,Electronics,Economy,4399446.08
2.29,7203.0,4.4,15.0,Home&Kitchen,Budget,16494.87
4.79,76042.0,4.2,69.0,Electronics,Budget,364241.18
40.19,4200.0,3.7,30.0,Home&Kitchen,Economy,168798.0
10.79,1667.0,4.4,55.0,Computers&Accessories,Economy,17986.93
26.03,1716.0,4.1,34.0,Home&Kitchen,Economy,44667.48
2.51,104.0,3.6,58.0,Electronics,Budget,261.04
77.99,313836.0,4.1,24.0,Electronics,Mid-Range,24476069.64
9.58,68664.0,4.0,60.0,MusicalInstruments,Budget,657801.12
1.08,10718.0,4.4,10.0,Home&Kitchen,Budget,11575.44
18.76,2283.0,3.5,50.0,Home&Kitchen,Economy,42829.08
7.19,18654.0,4.0,40.0,Electronics,Budget,134122.26
21.78,92925.0,4.5,41.0,Computers&Accessories,Economy,2023906.5
2.63,14.0,4.4,56.0,Electronics,Budget,36.82
2.45,339.0,3.6,66.0,Electronics,Budget,830.55
25.1,562.0,4.3,55.0,Home&Kitchen,Economy,14106.2
10.79,13552.0,4.4,53.0,Computers&Accessories,Economy,146226.08
11.99,1646.0,4.1,33.0,Home&Kitchen,Economy,19735.54
11.99,3390.0,3.8,78.0,Electronics,Economy,40646.1
4.19,15646.0,4.0,65.0,Home&Kitchen,Budget,65556.74
8.26,2280.0,4.5,8.0,Home&Kitchen,Budget,18832.8
11.39,31539.0,4.2,5.0,Electronics,Economy,359229.21
1.19,24871.0,3.9,85.0,Computers&Accessories,Budget,29596.49
149.99,1611.0,4.3,46.0,Electronics,Mid-Range,241633.89
59.99,1772.0,4.2,48.0,Home&Kitchen,Mid-Range,106302.28
3.59,3066.0,3.8,50.0,Computers&Accessories,Budget,11006.94
11.99,12093.0,4.3,38.0,Computers&Accessories,Economy,144995.07
1.85,7064.0,4.3,56.0,Computers&Accessories,Budget,13068.4
17.39,63.0,3.6,71.0,Home&Kitchen,Economy,1095.57
3.71,426973.0,4.4,78.0,Electronics,Budget,1584069.83
5.69,1454.0,4.3,74.0,Electronics,Budget,8273.26
101.99,592.0,4.3,47.0,Electronics,Mid-Range,60378.08
371.88,1376.0,4.3,38.0,Electronics,Premium,511706.88
46.31,8095.0,3.9,63.0,Home&Kitchen,Economy,374879.45
10.79,39.0,4.2,55.0,Home&Kitchen,Economy,420.81
2.99,4642.0,3.4,38.0,Computers&Accessories,Budget,13879.58
14.39,13300.0,3.6,29.0,Home&Kitchen,Economy,191387.0
2.15,2201.0,3.7,78.0,Electronics,Budget,4732.15
39.64,13544.0,4.4,30.0,Computers&Accessories,Economy,536884.16
5.39,9940.0,4.4,55.0,Computers&Accessories,Budget,53576.6
2.52,1717.0,4.1,47.0,Computers&Accessories,Budget,4326.84
3.59,314.0,4.0,50.0,Home&Kitchen,Budget,1127.26
2.39,602.0,4.1,60.0,Computers&Accessories,Budget,1438.78
13.56,13250.0,4.2,0.0,Home&Kitchen,Economy,179670.0
115.08,1017.0,4.1,40.0,Home&Kitchen,Mid-Range,117036.36
15.89,128311.0,4.0,22.0,Electronics,Economy,2038861.79
197.99,21350.0,4.0,21.0,Electronics,Premium,4227086.5
935.88,5935.0,4.7,44.0,Electronics,Luxury,5554447.8
28.07,1118.0,3.8,42.0,Car&Motorbike,Economy,31382.26
4.5,1988.0,3.6,62.0,Home&Kitchen,Budget,8946.0
5.75,11687.0,4.3,20.0,Electronics,Budget,67200.25
4.79,206.0,4.2,69.0,Electronics,Budget,986.74
149.88,58506.0,4.2,22.0,Electronics,Mid-Range,8768879.28
65.99,959.0,3.9,52.0,Home&Kitchen,Mid-Range,63284.41
8.39,8446.0,3.9,48.0,Home&Kitchen,Budget,70861.94
11.99,9275.0,4.1,7.0,Home&Kitchen,Economy,111207.25
3.44,8076.0,4.4,42.0,Computers&Accessories,Budget,27781.44
2.03,5176.0,4.4,43.0,Computers&Accessories,Budget,10507.28
5.99,185.0,3.7,44.0,Electronics,Budget,1108.15
1.07,19621.0,4.2,0.0,Home&Kitchen,Budget,20994.47
2.39,314.0,4.1,43.0,Computers&Accessories,Budget,750.46
17.99,9331.0,4.3,0.0,Home&Kitchen,Economy,167864.69
7.2,10907.0,4.1,0.0,Home&Kitchen,Budget,78530.4
11.99,7318.0,4.4,41.0,Computers&Accessories,Economy,87742.82
2.99,693.0,4.1,38.0,Home&Kitchen,Budget,2072.07
17.99,1951.0,4.4,25.0,Computers&Accessories,Economy,35098.49
5.28,8610.0,4.5,0.0,OfficeProducts,Budget,45460.8
5.87,3626.0,4.0,76.0,Electronics,Budget,21284.62
71.98,30355.0,4.2,25.0,Electronics,Mid-Range,2184952.9
2.39,7928.0,3.9,90.0,Computers&Accessories,Budget,18947.92
3.59,490.0,3.7,75.0,Electronics,Budget,1759.1
275.99,25824.0,3.9,21.0,Electronics,Premium,7127165.76
4.79,1780.0,4.1,60.0,Computers&Accessories,Budget,8526.2
38.39,1899.0,4.2,9.0,Home&Kitchen,Economy,72902.61
2.15,132.0,3.5,78.0,Home&Kitchen,Budget,283.8
4.24,629.0,4.3,71.0,Home&Kitchen,Budget,2666.96
5.99,9169.0,3.6,67.0,Electronics,Budget,54922.31
21.59,13937.0,4.2,91.0,Electronics,Economy,300899.83
407.99,17415.0,4.3,0.0,Electronics,Premium,7105145.85
4.19,817.0,3.9,65.0,Computers&Accessories,Budget,3423.23
4.21,1470.0,3.7,68.0,Home&Kitchen,Budget,6188.7
7.19,474.0,4.5,29.0,Computers&Accessories,Budget,3408.06
9.24,2585.0,4.3,50.0,Computers&Accessories,Budget,23885.4
63.59,8280.0,3.9,17.0,Computers&Accessories,Mid-Range,526525.2
23.99,30254.0,4.0,50.0,Electronics,Economy,725793.46
13.19,12966.0,3.5,82.0,Electronics,Economy,171021.54
227.88,6659.0,4.2,54.0,Electronics,Premium,1517452.92
6.83,67259.0,4.4,43.0,Electronics,Budget,459378.97
6.95,3482.0,4.4,47.0,Computers&Accessories,Budget,24199.9
8.65,2449.0,3.1,52.0,Home&Kitchen,Budget,21183.85
3.59,28791.0,4.4,63.0,Computers&Accessories,Budget,103359.69
59.99,4541.0,4.2,60.0,Electronics,Mid-Range,272414.59
2.99,2147.0,3.9,58.0,Electronics,Budget,6419.53
4.79,18139.0,4.4,27.0,Computers&Accessories,Budget,86885.81
17.27,53803.0,4.8,28.0,Home&Kitchen,Economy,929177.81
3.59,596.0,4.5,75.0,Electronics,Budget,2139.64
29.99,154.0,4.1,69.0,Electronics,Economy,4618.46
4.79,3382.0,4.0,80.0,Electronics,Budget,16199.78
7.19,60026.0,3.8,57.0,Electronics,Budget,431586.94
4.55,12153.0,4.2,62.0,Electronics,Budget,55296.15
2.63,1108.0,4.0,12.0,Home&Kitchen,Budget,2914.04
2.51,536.0,3.9,58.0,Computers&Accessories,Budget,1345.36
2.87,2147.0,3.9,60.0,Electronics,Budget,6161.89
19.19,1558.0,4.4,20.0,Home&Kitchen,Economy,29898.02
2.99,38.0,4.5,75.0,Electronics,Budget,113.62
21.59,1888.0,3.9,8.0,Home&Kitchen,Economy,40761.92
14.18,5178.0,4.2,61.0,Home&Kitchen,Economy,73424.04
6.26,12179.0,4.4,5.0,OfficeProducts,Budget,76240.54
8.27,42301.0,4.2,54.0,Computers&Accessories,Budget,349829.27
1.43,51.0,3.8,60.0,Computers&Accessories,Budget,72.93
1.19,1075.0,3.9,88.0,Computers&Accessories,Budget,1279.25
3.12,13127.0,3.9,26.0,Home&Kitchen,Budget,40956.24
1.19,305.0,4.4,90.0,Electronics,Budget,362.95
5.99,4859.0,4.1,50.0,Home&Kitchen,Budget,29105.41
551.99,7109.0,4.3,34.0,Electronics,Luxury,3924096.91
1.79,10833.0,4.3,0.0,Computers&Accessories,Budget,19391.07
2.39,576.0,4.0,80.0,Computers&Accessories,Budget,1376.64
16.8,19998.0,4.1,44.0,Home&Kitchen,Economy,335966.4
6.56,407.0,4.3,82.0,Electronics,Budget,2669.92
38.75,39724.0,4.2,39.0,Home&Kitchen,Economy,1539305.0
0.8,1269.0,4.1,11.0,OfficeProducts,Budget,1015.2
3.7,4584.0,3.9,38.0,Home&Kitchen,Budget,16960.8
7.19,2301.0,4.3,14.0,Computers&Accessories,Budget,16544.19
3.35,31534.0,4.3,26.0,Computers&Accessories,Budget,105638.9
7.79,24269.0,4.2,68.0,Computers&Accessories,Budget,189055.51
20.39,14371.0,4.1,51.0,Electronics,Economy,293024.69
4.67,974.0,4.3,65.0,Computers&Accessories,Budget,4548.58
29.99,42139.0,4.1,75.0,Electronics,Economy,1263748.61
2.39,43994.0,4.0,43.0,Computers&Accessories,Budget,105145.66
2.82,1173.0,3.8,85.0,Computers&Accessories,Budget,3307.86
10.19,6547.0,4.3,53.0,Computers&Accessories,Economy,66713.93
16.79,9349.0,4.1,47.0,Home&Kitchen,Economy,156969.71
44.53,356.0,4.3,17.0,Home&Kitchen,Economy,15852.68
16.79,9378.0,4.0,14.0,Electronics,Economy,157456.62
4.19,838.0,4.3,65.0,Computers&Accessories,Budget,3511.22
43.19,11828.0,4.1,62.0,Home&Kitchen,Economy,510851.32
4.79,1951.0,3.9,0.0,Electronics,Budget,9345.29
5.7,64273.0,4.2,68.0,Computers&Accessories,Budget,366356.1
8.75,82356.0,4.3,56.0,Computers&Accessories,Budget,720615.0
83.99,11499.0,4.4,34.0,Home&Kitchen,Mid-Range,965801.01
67.19,73005.0,4.4,24.0,Computers&Accessories,Mid-Range,4905205.95
1.91,14184.0,4.3,73.0,Computers&Accessories,Budget,27091.44
5.99,1475.0,4.1,74.0,Electronics,Budget,8835.25
8.63,1045.0,4.1,52.0,Computers&Accessories,Budget,9018.35
32.39,621.0,3.5,23.0,Electronics,Economy,20114.19
16.91,787.0,3.7,14.0,Home&Kitchen,Economy,13308.17
95.98,125.0,3.8,33.0,Electronics,Mid-Range,11997.5
203.99,32840.0,4.2,35.0,Electronics,Premium,6699031.6
17.88,10652.0,4.6,35.0,Computers&Accessories,Economy,190457.76
4.09,2493.0,4.3,24.0,OfficeProducts,Budget,10196.37
0.95,1949.0,4.2,84.0,Electronics,Budget,1851.55
2.4,10170.0,4.4,13.0,Home&Kitchen,Budget,24408.0
58.79,297.0,4.1,46.0,Home&Kitchen,Mid-Range,17460.63
16.19,638.0,4.4,27.0,Home&Kitchen,Economy,10329.22
11.64,184.0,4.4,51.0,Computers&Accessories,Economy,2141.76
167.99,2180.0,3.9,13.0,Electronics,Premium,366218.2
11.75,15252.0,4.2,30.0,Home&Kitchen,Economy,179211.0
78.3,5137.0,4.5,26.0,Home&Kitchen,Mid-Range,402227.1
27.59,5554.0,4.1,69.0,Electronics,Economy,153234.86
31.19,898.0,3.9,46.0,Home&Kitchen,Economy,28008.62
14.39,2206.0,3.8,20.0,Home&Kitchen,Economy,31744.34
19.5,23484.0,4.5,46.0,Home&Kitchen,Economy,457938.0
167.99,8948.0,4.4,44.0,Home&Kitchen,Premium,1503174.52
3.5,4238.0,4.1,41.0,Home&Kitchen,Budget,14833.0
2.99,14404.0,4.0,62.0,Electronics,Budget,43067.96
1.79,57.0,3.9,63.0,Computers&Accessories,Budget,102.03
70.79,4199.0,3.6,16.0,Computers&Accessories,Mid-Range,297247.21
191.99,34899.0,4.2,27.0,Electronics,Premium,6700259.01
13.19,1065.0,4.5,27.0,Home&Kitchen,Economy,14047.35
4.07,6255.0,4.3,66.0,Computers&Accessories,Budget,25457.85
8.39,8090.0,4.1,56.0,Home&Kitchen,Budget,67875.1
17.99,22638.0,4.2,81.0,Electronics,Economy,407257.62
2.14,2450.0,4.3,15.0,OfficeProducts,Budget,5243.0
38.99,43070.0,3.9,48.0,Home&Kitchen,Economy,1679299.3
64.74,535.0,4.4,73.0,Home&Kitchen,Mid-Range,34635.9
14.39,11716.0,4.1,66.0,Computers&Accessories,Economy,168593.24
10.72,106.0,4.3,15.0,Electronics,Economy,1136.32
41.85,1127.0,4.1,30.0,Home&Kitchen,Economy,47164.95
11.99,1913.0,3.5,76.0,Electronics,Economy,22936.87
2.99,1508.0,4.1,50.0,Computers&Accessories,Budget,4508.92
4.26,1051.0,4.1,61.0,Home&Kitchen,Budget,4477.26
13.19,4401.0,4.1,27.0,Home&Kitchen,Economy,58049.19
7.15,3219.0,4.4,18.0,Computers&Accessories,Budget,23015.85
17.21,32.0,4.0,64.0,Electronics,Economy,550.72
2.1,21.0,4.1,65.0,Computers&Accessories,Budget,44.1
1.08,7429.0,4.4,49.0,OfficeProducts,Budget,8023.32
3.59,2651.0,4.3,70.0,Computers&Accessories,Budget,9517.09
24.95,282.0,4.1,33.0,Home&Kitchen,Economy,7035.9
10.2,7619.0,4.1,15.0,Home&Kitchen,Economy,77713.8
263.99,32840.0,4.2,27.0,Electronics,Premium,8669431.6
9.59,576.0,3.3,60.0,Electronics,Budget,5523.84
3.84,3846.0,4.2,60.0,Home&Kitchen,Budget,14768.64
9.59,8188.0,4.3,62.0,Computers&Accessories,Budget,78522.92
14.16,1527.0,4.2,18.0,Home&Kitchen,Economy,21622.32
3.94,3441.0,4.1,18.0,Computers&Accessories,Budget,13557.54
27.84,195.0,3.8,29.0,Home&Kitchen,Economy,5428.8
2.39,12.0,3.3,60.0,Home&Kitchen,Budget,28.68
31.19,2116.0,4.4,39.0,Home&Kitchen,Economy,65998.04
83.99,110.0,3.8,59.0,Electronics,Mid-Range,9238.9
2.99,1208.0,4.0,59.0,Computers&Accessories,Budget,3611.92
3.59,11827.0,3.5,33.0,Computers&Accessories,Budget,42458.93
131.99,18998.0,4.1,27.0,Electronics,Mid-Range,2507546.02
251.99,9499.0,4.3,30.0,Electronics,Premium,2393653.01
2.75,451.0,3.6,43.0,Home&Kitchen,Budget,1240.25
3.35,2326.0,4.3,60.0,Home&Kitchen,Budget,7792.1
56.39,224.0,4.5,0.0,Electronics,Mid-Range,12631.36
57.59,3815.0,3.9,17.0,Home&Kitchen,Mid-Range,219705.85
3.59,40895.0,3.8,25.0,Electronics,Budget,146813.05
31.19,646.0,4.4,43.0,Home&Kitchen,Economy,20148.74
121.19,2623.0,4.3,47.0,Computers&Accessories,Mid-Range,317881.37
14.39,2043.0,3.8,78.0,Computers&Accessories,Economy,29398.77
1.15,1796.0,3.6,76.0,Electronics,Budget,2065.4
1.67,61.0,3.9,75.0,Computers&Accessories,Budget,101.87
15.54,12375.0,4.6,21.0,Computers&Accessories,Economy,192307.5
64.38,3584.0,3.9,28.0,Home&Kitchen,Mid-Range,230737.92
71.99,534.0,4.3,48.0,Home&Kitchen,Mid-Range,38442.66
17.99,42775.0,4.2,63.0,Electronics,Economy,769522.25
2.76,1528.0,4.2,77.0,Computers&Accessories,Budget,4217.28
25.19,11213.0,3.8,35.0,Computers&Accessories,Economy,282455.47
1.88,8618.0,4.5,2.0,OfficeProducts,Budget,16201.84
47.99,10229.0,4.1,43.0,Electronics,Economy,490889.71
25.07,11199.0,4.2,48.0,Home&Kitchen,Economy,280758.93
323.99,1510.0,4.2,37.0,Electronics,Premium,489224.9
34.79,7140.0,4.3,28.0,Home&Kitchen,Economy,248400.6
5.15,617.0,3.0,57.0,Home&Kitchen,Budget,3177.55
11.0,3300.0,4.2,60.0,Electronics,Economy,36300.0
16.19,7113.0,4.0,39.0,Computers&Accessories,Economy,115159.47
16.79,3530.0,4.3,53.0,OfficeProducts,Economy,59268.7
7.79,49.0,3.8,35.0,Home&Kitchen,Budget,381.71
29.99,1889.0,3.8,50.0,Home&Kitchen,Economy,56651.11
2.32,37.0,3.6,52.0,Home&Kitchen,Budget,85.84
17.99,87798.0,3.7,50.0,Electronics,Economy,1579486.02
75.59,2014.0,4.2,54.0,Computers&Accessories,Mid-Range,152238.26
1.79,1313.0,4.0,85.0,Computers&Accessories,Budget,2350.27
7.86,285.0,3.2,40.0,Electronics,Budget,2240.1
3.26,3686.0,4.0,15.0,OfficeProducts,Budget,12016.36
2.39,2804.0,3.3,60.0,Computers&Accessories,Budget,6701.56
1.19,594.0,3.8,90.0,Electronics,Budget,706.86
77.99,7807.0,4.0,28.0,Electronics,Mid-Range,608867.93
4.19,4145.0,4.3,77.0,Electronics,Budget,17367.55
5.6,44054.0,4.4,22.0,Electronics,Budget,246702.4
3.23,93.0,4.0,62.0,Computers&Accessories,Budget,300.39
2.15,1423.0,4.0,55.0,Computers&Accessories,Budget,3059.45
6.59,28829.0,4.3,69.0,Computers&Accessories,Budget,189983.11
5.01,523.0,3.9,38.0,Computers&Accessories,Budget,2620.23
16.79,97175.0,4.1,53.0,Electronics,Economy,1631568.25
347.99,20311.0,4.4,17.0,Electronics,Premium,7068024.89
1.85,16905.0,4.2,61.0,Computers&Accessories,Budget,31274.25
0.47,13572.0,3.6,0.0,Computers&Accessories,Budget,6378.84
5.99,412.0,4.1,74.0,Electronics,Budget,2467.88
20.15,72563.0,4.1,16.0,Electronics,Economy,1462144.45
38.99,4664.0,4.2,58.0,Home&Kitchen,Economy,181849.36
13.31,53464.0,4.3,60.0,Computers&Accessories,Economy,711605.84
107.99,6347.0,4.0,53.0,Electronics,Mid-Range,685412.53
13.32,4022.0,4.3,31.0,Home&Kitchen,Economy,53573.04
31.08,63.0,4.1,38.0,Home&Kitchen,Economy,1958.04
18.23,408.0,4.3,57.0,Computers&Accessories,Economy,7437.84
10.79,17424.0,3.9,28.0,Home&Kitchen,Economy,188004.96
4.19,13120.0,4.2,65.0,Computers&Accessories,Budget,54972.8
5.99,30411.0,4.3,62.0,Computers&Accessories,Budget,182161.89
71.99,170.0,4.2,40.0,Home&Kitchen,Mid-Range,12238.3
27.36,4118.0,4.1,25.0,Home&Kitchen,Economy,112668.48
431.99,1611.0,4.3,28.0,Electronics,Premium,695935.89
15.47,73.0,3.3,48.0,Electronics,Economy,1129.31
131.88,129.0,3.7,45.0,Electronics,Mid-Range,17012.52
8.27,1193.0,4.3,66.0,Electronics,Budget,9866.11
5.03,227.0,4.4,58.0,Home&Kitchen,Budget,1141.81
5.39,91770.0,4.1,65.0,Electronics,Budget,494640.3
5.1,4219.0,4.5,53.0,Computers&Accessories,Budget,21516.9
5.99,434.0,4.5,62.0,Computers&Accessories,Budget,2599.66
6.59,29746.0,4.2,45.0,Computers&Accessories,Budget,196026.14
1.19,388.0,4.3,0.0,OfficeProducts,Budget,461.72
107.99,12796.0,4.0,25.0,Electronics,Mid-Range,1381840.04
29.99,5852.0,4.1,58.0,Electronics,Economy,175501.48
1.19,11339.0,4.5,42.0,Electronics,Budget,13493.41
4.0,9792.0,3.3,67.0,Computers&Accessories,Budget,39168.0
395.88,1555.0,4.1,40.0,Electronics,Premium,615593.4
1.08,6199.0,4.1,10.0,OfficeProducts,Budget,6694.92
59.94,3964.0,4.8,75.0,Home&Kitchen,Mid-Range,237602.16
1.56,14778.0,3.9,21.0,Home&Kitchen,Budget,23053.68
11.27,205052.0,4.5,48.0,Electronics,Economy,2310936.04
2.63,20053.0,4.3,69.0,Computers&Accessories,Budget,52739.39
3.6,419.0,4.2,0.0,OfficeProducts,Budget,1508.4
19.19,441.0,3.7,45.0,Home&Kitchen,Economy,8462.79
11.99,1163.0,3.8,50.0,Home&Kitchen,Economy,13944.37
4.55,1090.0,4.0,59.0,Home&Kitchen,Budget,4959.5
3.59,766.0,4.3,70.0,Computers&Accessories,Budget,2749.94
7.79,179691.0,4.2,54.0,Computers&Accessories,Budget,1399792.89
4.55,363713.0,4.1,62.0,Electronics,Budget,1654894.15
5.7,1021.0,4.1,52.0,Home&Kitchen,Budget,5819.7
2.86,8372.0,4.4,66.0,Computers&Accessories,Budget,23943.92
9.59,9695.0,4.3,47.0,Home&Kitchen,Budget,92975.05
14.39,4580.0,4.2,29.0,Home&Kitchen,Economy,65906.2
167.99,18998.0,4.1,28.0,Electronics,Premium,3191474.02
68.39,4003.0,4.2,48.0,Electronics,Mid-Range,273765.17
5.04,1926.0,4.2,0.0,OfficeProducts,Budget,9707.04
446.96,323.0,4.0,38.0,Computers&Accessories,Premium,144368.08
3.71,8614.0,4.4,24.0,Computers&Accessories,Budget,31957.94
73.44,2751.0,4.6,24.0,Home&Kitchen,Mid-Range,202033.44
16.79,8031.0,4.0,26.0,Home&Kitchen,Economy,134840.49
14.39,1765.0,4.0,37.0,Home&Kitchen,Economy,25398.35
113.88,10480.0,3.9,41.0,Electronics,Mid-Range,1193462.4
5.99,3527.0,3.1,77.0,Home&Kitchen,Budget,21126.73
15.47,20668.0,4.5,14.0,Electronics,Economy,319733.96
11.64,815.0,4.5,46.0,Computers&Accessories,Economy,9486.6
1.43,15032.0,4.3,76.0,Electronics,Budget,21495.76
1.91,4768.0,4.1,60.0,Computers&Accessories,Budget,9106.88
1.5,8053.0,4.4,31.0,OfficeProducts,Budget,12079.5
5.1,2581.0,4.0,57.0,HomeImprovement,Budget,13163.1
23.51,237.0,4.0,18.0,Home&Kitchen,Economy,5571.87
26.39,1558.0,3.8,26.0,Home&Kitchen,Economy,41115.62
13.19,5911.0,3.9,45.0,Home&Kitchen,Economy,77966.09
5.99,21916.0,4.2,17.0,Electronics,Budget,131276.84
11.39,550.0,3.6,59.0,Home&Kitchen,Economy,6264.5
10.55,31599.0,4.4,21.0,Electronics,Economy,333369.45
6.59,4875.0,4.5,0.0,Electronics,Budget,32126.25
14.24,1662.0,4.1,38.0,Computers&Accessories,Economy,23666.88
8.99,63350.0,3.9,48.0,Home&Kitchen,Budget,569516.5
2.39,1379.0,4.1,50.0,Home&Kitchen,Budget,3295.81
4.79,2806.0,4.3,60.0,Computers&Accessories,Budget,13440.74
101.99,97.0,4.3,48.0,Home&Kitchen,Mid-Range,9893.03
19.19,2272.0,3.6,43.0,Electronics,Economy,43599.68
2.7,4798.0,4.1,0.0,OfficeProducts,Budget,12954.6
74.83,3552.0,4.1,38.0,Home&Kitchen,Mid-Range,265796.16
44.22,290.0,4.1,33.0,Home&Kitchen,Economy,12823.8
43.2,11924.0,4.3,42.0,Home&Kitchen,Economy,515116.8
17.63,156638.0,4.2,41.0,Computers&Accessories,Economy,2761527.94
42.83,28629.0,4.3,31.0,Home&Kitchen,Economy,1226180.07
125.99,284.0,4.2,22.0,Electronics,Mid-Range,35781.16
4.79,1780.0,4.1,60.0,Computers&Accessories,Budget,8526.2
9.41,11.0,4.5,51.0,Home&Kitchen,Budget,103.51
19.49,827.0,4.1,35.0,Home&Kitchen,Economy,16118.23
227.99,2536.0,4.1,37.0,Home&Kitchen,Premium,578182.64
0.95,97.0,4.0,0.0,Home&Kitchen,Budget,92.15
105.59,4157.0,4.1,27.0,Home&Kitchen,Mid-Range,438937.63
31.68,16146.0,4.5,17.0,Computers&Accessories,Economy,511505.28
3.59,2117.0,4.2,63.0,Computers&Accessories,Budget,7600.03
2.15,9385.0,3.4,64.0,Computers&Accessories,Budget,20177.75
3.59,10911.0,4.3,38.0,Computers&Accessories,Budget,39170.49
4.79,2809.0,4.1,66.0,Computers&Accessories,Budget,13455.11
185.88,32916.0,4.2,26.0,Electronics,Premium,6118426.08
4.79,27201.0,4.3,20.0,Electronics,Budget,130292.79
22.2,184.0,4.0,59.0,Electronics,Economy,4084.8
3.72,5882.0,4.5,0.0,Home&Kitchen,Budget,21881.04
4.79,37817.0,4.0,43.0,Electronics,Budget,181143.43
2.76,2960.0,3.7,54.0,Electronics,Budget,8169.6
2.75,12835.0,4.3,62.0,Electronics,Budget,35296.25
1.19,42641.0,4.3,80.0,Electronics,Budget,50742.79
1.79,25607.0,4.1,70.0,Computers&Accessories,Budget,45836.53
1.39,357.0,4.4,42.0,Electronics,Budget,496.23
35.99,178.0,4.0,17.0,Home&Kitchen,Economy,6406.22
0.71,5958.0,3.8,0.0,Computers&Accessories,Budget,4230.18
1.07,1075.0,3.9,89.0,Computers&Accessories,Budget,1150.25
3.54,1644.0,4.0,51.0,Home&Kitchen,Budget,5819.76
12.59,638.0,3.7,58.0,Home&Kitchen,Economy,8032.42
88.19,11957.0,4.2,33.0,Home&Kitchen,Mid-Range,1054487.83
239.99,27151.0,4.3,43.0,Electronics,Premium,6515968.49
77.99,7807.0,4.0,28.0,Electronics,Mid-Range,608867.93
13.79,24.0,3.5,39.0,Home&Kitchen,Economy,330.96
3.96,8566.0,3.7,34.0,Computers&Accessories,Budget,33921.36
8.39,54405.0,4.5,30.0,Computers&Accessories,Budget,456457.95
103.19,9734.0,4.4,4.0,Home&Kitchen,Mid-Range,1004451.46
299.88,2951.0,4.2,52.0,Electronics,Premium,884945.88
26.39,2686.0,4.2,28.0,Home&Kitchen,Economy,70883.54
3.35,1367.0,3.5,53.0,Home&Kitchen,Budget,4579.45
12.62,1404.0,4.3,41.0,Home&Kitchen,Economy,17718.48
1.19,2451.0,4.1,80.0,Electronics,Budget,2916.69
1.79,5057.0,4.0,40.0,Computers&Accessories,Budget,9052.03
455.88,27790.0,4.2,49.0,Electronics,Premium,12668905.2
17.99,6531.0,4.4,32.0,Home&Kitchen,Economy,117492.69
3.59,708.0,3.7,50.0,Electronics,Budget,2541.72
4.19,839.0,4.0,65.0,Electronics,Budget,3515.41
21.59,55192.0,4.1,64.0,Electronics,Economy,1191595.28
21.59,41226.0,4.2,64.0,Electronics,Economy,890069.34
2.39,92595.0,4.2,50.0,Computers&Accessories,Budget,221302.05
19.14,2877.0,4.0,11.0,Home&Kitchen,Economy,55065.78
1.67,3044.0,3.8,54.0,Computers&Accessories,Budget,5083.48
4.07,6255.0,4.3,66.0,Computers&Accessories,Budget,25457.85
167.99,19252.0,4.1,30.0,Electronics,Premium,3234143.48
1.54,61.0,3.9,77.0,Computers&Accessories,Budget,93.94
5.87,69538.0,4.4,59.0,Electronics,Budget,408188.06
185.99,19252.0,4.1,18.0,Electronics,Premium,3580679.48
2.39,1786.0,4.1,60.0,Electronics,Budget,4268.54
8.63,17218.0,4.2,44.0,Home&Kitchen,Budget,148591.34
2.87,2640.0,4.4,66.0,Electronics,Budget,7576.8
2.22,25.0,4.2,63.0,Electronics,Budget,55.5
347.99,17415.0,4.3,0.0,Electronics,Premium,6060245.85
53.99,37.0,3.5,44.0,Electronics,Mid-Range,1997.63
8.99,13199.0,4.0,58.0,Computers&Accessories,Budget,118659.01
11.39,2311.0,4.1,60.0,Home&Kitchen,Economy,26322.29
3.59,1902.0,4.3,63.0,Computers&Accessories,Budget,6828.18
149.99,322.0,4.1,37.0,Home&Kitchen,Mid-Range,48296.78
3.77,28978.0,4.5,79.0,Electronics,Budget,109247.06
43.74,561.0,4.2,40.0,Home&Kitchen,Economy,24538.14
21.59,245.0,4.6,55.0,Electronics,Economy,5289.55
2.39,74976.0,4.5,73.0,Computers&Accessories,Budget,179192.64
3.95,33735.0,3.6,18.0,Computers&Accessories,Budget,133253.25
4.19,14896.0,4.1,61.0,Computers&Accessories,Budget,62414.24
7.19,355.0,4.3,0.0,Computers&Accessories,Budget,2552.45
5.44,610.0,4.3,55.0,Home&Kitchen,Budget,3318.4
7.19,161679.0,4.1,60.0,Electronics,Budget,1162472.01
6.9,8537.0,4.2,79.0,Computers&Accessories,Budget,58905.3
32.03,260.0,3.9,17.0,Home&Kitchen,Economy,8327.8
7.79,7786.0,4.1,3.0,Home&Kitchen,Budget,60652.94
95.99,457.0,4.3,47.0,Electronics,Mid-Range,43867.43
20.39,4716.0,4.1,14.0,Home&Kitchen,Economy,96159.24
23.88,14237.0,4.3,34.0,Computers&Accessories,Economy,339979.56
347.99,17415.0,4.3,0.0,Electronics,Premium,6060245.85
21.65,15382.0,4.0,24.0,Home&Kitchen,Economy,333020.3
7.32,13165.0,4.1,26.0,Home&Kitchen,Budget,96367.8
3.37,87.0,2.8,86.0,Electronics,Budget,293.19
9.71,710.0,3.9,59.0,Home&Kitchen,Budget,6894.1
20.39,24780.0,4.4,43.0,Computers&Accessories,Economy,505264.2
5.99,54.0,4.7,62.0,Home&Kitchen,Budget,323.46
2.18,9378.0,4.0,70.0,Computers&Accessories,Budget,20444.04
1.55,491.0,4.2,87.0,Computers&Accessories,Budget,761.05
26.39,9650.0,4.3,31.0,Home&Kitchen,Economy,254663.5
3.59,2868.0,4.2,80.0,Computers&Accessories,Budget,10296.12
334.8,5298.0,4.4,53.0,Home&Kitchen,Premium,1773770.4
77.99,7807.0,4.0,28.0,Electronics,Mid-Range,608867.93
16.79,4415.0,3.3,77.0,Electronics,Economy,74127.85
4.19,214.0,3.9,50.0,Electronics,Budget,896.66
2.15,10174.0,4.1,64.0,Computers&Accessories,Budget,21874.1
21.59,1846.0,3.8,45.0,Home&Kitchen,Economy,39855.14
6.59,7758.0,4.3,45.0,Computers&Accessories,Budget,51125.22
3.59,171.0,4.0,50.0,Electronics,Budget,613.89
3.59,1588.0,4.0,67.0,Electronics,Budget,5700.92
6.73,3182.0,4.4,22.0,OfficeProducts,Budget,21414.86
20.39,7689.0,3.6,51.0,Computers&Accessories,Economy,156778.71
4.79,2806.0,4.3,60.0,Computers&Accessories,Budget,13440.74
23.99,7571.0,3.9,60.0,Electronics,Economy,181628.29
13.08,57.0,3.5,64.0,Home&Kitchen,Economy,745.56
5.27,4296.0,4.2,42.0,Electronics,Budget,22639.92
17.99,37.0,3.7,63.0,Electronics,Economy,665.63
22.19,7681.0,4.3,12.0,Home&Kitchen,Economy,170441.39
23.14,2377.0,4.0,26.0,Home&Kitchen,Economy,55003.78
203.99,22318.0,4.1,32.0,Electronics,Premium,4552648.82
7.68,5059.0,4.1,37.0,Home&Kitchen,Budget,38853.12
9.11,532.0,4.3,62.0,Home&Kitchen,Budget,4846.52
5.39,4959.0,4.2,65.0,Computers&Accessories,Budget,26729.01
32.39,26164.0,4.0,46.0,Home&Kitchen,Economy,847451.96
11.15,1672.0,3.9,29.0,Home&Kitchen,Economy,18642.8
18.0,25996.0,4.4,0.0,Electronics,Economy,467928.0
3.58,290.0,4.4,40.0,Home&Kitchen,Budget,1038.2
2.46,313.0,3.8,59.0,Electronics,Budget,769.98
31.79,1271.0,4.5,24.0,Computers&Accessories,Economy,40405.09
7.79,13049.0,3.9,74.0,Electronics,Budget,101651.71
11.99,252.0,3.4,62.0,Home&Kitchen,Economy,3021.48
191.88,1035.0,4.3,33.0,Electronics,Premium,198595.8
5.99,179691.0,4.2,50.0,Computers&Accessories,Budget,1076349.09
7.19,16166.0,3.9,39.0,Home&Kitchen,Budget,116233.54
9.94,4567.0,4.2,4.0,Computers&Accessories,Budget,45395.98
22.68,10976.0,4.1,66.0,Computers&Accessories,Economy,248935.68
49.18,50810.0,4.5,18.0,Computers&Accessories,Economy,2498835.8
4.79,24269.0,4.2,64.0,Computers&Accessories,Budget,116248.51
14.39,10725.0,4.1,60.0,Computers&Accessories,Economy,154332.75
9.71,976.0,3.7,48.0,Home&Kitchen,Budget,9476.96
19.79,2162.0,3.9,41.0,Home&Kitchen,Economy,42785.98
7.19,7601.0,4.0,40.0,Computers&Accessories,Budget,54651.19
2.39,127.0,4.5,80.0,Computers&Accessories,Budget,303.53
53.99,44696.0,4.3,25.0,Electronics,Mid-Range,2413137.04
35.39,7968.0,4.2,39.0,Home&Kitchen,Economy,281987.52
23.99,17831.0,3.8,75.0,Electronics,Economy,427765.69
1.2,9638.0,3.5,80.0,Computers&Accessories,Budget,11565.6
3.23,10134.0,3.6,66.0,Computers&Accessories,Budget,32732.82
9.04,18462.0,4.2,16.0,Home&Kitchen,Budget,166896.48
203.99,22318.0,4.1,32.0,Electronics,Premium,4552648.82
8.03,13.0,2.3,55.0,Home&Kitchen,Budget,104.39
3.59,21010.0,4.5,40.0,Computers&Accessories,Budget,75425.9
1.79,7732.0,4.0,70.0,Computers&Accessories,Budget,13840.28
2.34,1383.0,3.7,61.0,Electronics,Budget,3236.22
4.19,363713.0,4.1,65.0,Electronics,Budget,1523957.47
17.99,21796.0,3.9,79.0,Electronics,Economy,392110.04
125.99,1510.0,4.2,46.0,Electronics,Mid-Range,190244.9
359.88,8399.0,4.3,25.0,Electronics,Premium,3022632.12
7.79,5451.0,4.3,59.0,Computers&Accessories,Budget,42463.29
3.84,491.0,4.1,47.0,Computers&Accessories,Budget,1885.44
38.16,6919.0,4.2,40.0,Home&Kitchen,Economy,264029.04
4.79,691.0,4.0,73.0,Computers&Accessories,Budget,3309.89
6.59,64705.0,3.9,45.0,Electronics,Budget,426405.95
11.51,67259.0,4.4,47.0,Electronics,Economy,774151.09
1.37,8938.0,4.2,5.0,OfficeProducts,Budget,12245.06
11.39,7223.0,4.3,3.0,Home&Kitchen,Economy,82269.97
2.39,538.0,3.8,60.0,Electronics,Budget,1285.82
23.99,1034.0,4.1,20.0,Home&Kitchen,Economy,24805.66
2.39,85.0,4.2,80.0,Computers&Accessories,Budget,203.15
4.19,3295.0,4.0,73.0,Electronics,Budget,13806.05
3.59,1193.0,3.9,75.0,Electronics,Budget,4282.87
0.47,3344.0,3.8,0.0,Computers&Accessories,Budget,1571.68
16.14,17413.0,4.2,41.0,Computers&Accessories,Economy,281045.82
10.79,103052.0,3.8,80.0,Electronics,Economy,1111931.08
3.59,151.0,4.0,63.0,Computers&Accessories,Budget,542.09
8.39,390.0,4.4,63.0,Electronics,Budget,3272.1
7.19,192589.0,4.1,54.0,Electronics,Budget,1384714.91
239.99,9499.0,4.3,29.0,Electronics,Premium,2279665.01
14.39,22420.0,4.5,40.0,Computers&Accessories,Economy,322623.8
11.99,6129.0,4.6,66.0,Electronics,Economy,73486.71
3.59,18202.0,3.6,84.0,Electronics,Budget,65345.18
2.74,132.0,3.8,75.0,Computers&Accessories,Budget,361.68
18.56,463.0,3.9,46.0,Home&Kitchen,Economy,8593.28
11.99,305.0,3.8,49.0,Home&Kitchen,Economy,3656.95
16.97,1498.0,4.0,49.0,Home&Kitchen,Economy,25421.06
13.79,10443.0,4.1,23.0,Computers&Accessories,Economy,144008.97
2.7,789.0,4.1,55.0,Computers&Accessories,Budget,2130.3
23.88,20398.0,4.3,23.0,Computers&Accessories,Economy,487104.24
21.59,13937.0,4.2,91.0,Electronics,Economy,300899.83
69.59,50273.0,4.5,28.0,Computers&Accessories,Mid-Range,3498498.07
88.68,2581.0,4.1,63.0,Electronics,Mid-Range,228883.08
47.99,21762.0,3.5,8.0,Computers&Accessories,Economy,1044358.38
25.06,5292.0,4.0,62.0,Home&Kitchen,Economy,132617.52
3.58,1552.0,4.3,70.0,Computers&Accessories,Budget,5556.16
2.39,2031.0,3.7,90.0,Home&Kitchen,Budget,4854.09
185.99,19252.0,4.1,26.0,Electronics,Premium,3580679.48
8.39,273189.0,4.1,30.0,Electronics,Budget,2292055.71
11.99,7222.0,4.0,38.0,Electronics,Economy,86591.78
9.3,46647.0,4.2,11.0,Home&Kitchen,Budget,433817.1
1.44,4308.0,4.1,0.0,OfficeProducts,Budget,6203.52
39.59,11217.0,3.7,49.0,Home&Kitchen,Economy,444081.03
7.19,4018.0,4.0,33.0,Computers&Accessories,Budget,28889.42
1.2,3095.0,4.3,0.0,OfficeProducts,Budget,3714.0
575.88,1376.0,4.3,40.0,Electronics,Luxury,792410.88
4.04,4969.0,4.2,52.0,Electronics,Budget,20074.76
9.59,12958.0,3.8,60.0,Electronics,Budget,124267.22
155.99,50772.0,4.1,32.0,Electronics,Premium,7919924.28
7.19,61314.0,4.4,33.0,Computers&Accessories,Budget,440847.66
3.59,928.0,3.8,70.0,Electronics,Budget,3331.52
8.99,119.0,4.0,42.0,Home&Kitchen,Budget,1069.81
1.07,2351.0,4.3,85.0,Electronics,Budget,2515.57
7.79,5195.0,4.1,50.0,Computers&Accessories,Budget,40469.05
185.99,19253.0,4.1,26.0,Electronics,Premium,3580865.47
7.79,7222.0,3.5,35.0,Computers&Accessories,Budget,56259.38
12.66,2352.0,3.8,16.0,Electronics,Economy,29776.32
8.6,7199.0,4.0,6.0,Computers&Accessories,Budget,61911.4
15.59,180998.0,3.8,57.0,Electronics,Economy,2821758.82
9.59,17.0,4.4,33.0,Home&Kitchen,Budget,163.03
29.27,25.0,4.1,4.0,Home&Kitchen,Economy,731.75
4.19,149.0,4.5,61.0,Computers&Accessories,Budget,624.31
107.99,17994.0,4.4,10.0,Home&Kitchen,Mid-Range,1943172.06
227.99,4702.0,4.3,24.0,Electronics,Premium,1072008.98
2.39,87.0,4.3,80.0,Computers&Accessories,Budget,207.93
3.59,2453.0,4.5,70.0,Computers&Accessories,Budget,8806.27
12.9,7462.0,4.4,37.0,Electronics,Economy,96259.8
107.99,12796.0,4.0,25.0,Electronics,Mid-Range,1381840.04
8.39,15295.0,3.5,30.0,Computers&Accessories,Budget,128325.05
14.28,1181.0,3.8,53.0,Home&Kitchen,Economy,16864.68
7.5,23316.0,4.2,55.0,Home&Kitchen,Budget,174870.0
33.59,546.0,4.5,20.0,Home&Kitchen,Economy,18340.14
2.75,185.0,3.5,54.0,Home&Kitchen,Budget,508.75
10.19,7352.0,4.0,43.0,Computers&Accessories,Economy,74916.88
1.44,6491.0,3.9,88.0,Electronics,Budget,9347.04
25.78,31388.0,4.1,41.0,Home&Kitchen,Economy,809182.64
2.52,74.0,3.7,70.0,Home&Kitchen,Budget,186.48
3.47,401.0,4.1,71.0,Computers&Accessories,Budget,1391.47
1.64,6537.0,4.4,14.0,OfficeProducts,Budget,10720.68
2.75,30411.0,4.3,23.0,Computers&Accessories,Budget,83630.25
5.99,1436.0,4.3,50.0,Home&Kitchen,Budget,8601.64
23.99,27696.0,4.3,80.0,Electronics,Economy,664427.04
15.59,590.0,3.6,35.0,Electronics,Economy,9198.1
17.81,1067.0,3.7,41.0,Home&Kitchen,Economy,19003.27
3.01,3234.0,3.7,75.0,Electronics,Budget,9734.34
383.99,21252.0,4.3,36.0,Electronics,Premium,8160555.48
251.88,1259.0,4.1,53.0,Electronics,Premium,317116.92
6.59,1367.0,4.3,73.0,Computers&Accessories,Budget,9008.53
2.63,426973.0,4.4,69.0,Electronics,Budget,1122938.99
101.99,276.0,3.9,29.0,Electronics,Mid-Range,28149.24
155.99,50772.0,4.1,28.0,Electronics,Premium,7919924.28
155.99,13246.0,4.2,19.0,Electronics,Premium,2066243.54
13.79,178912.0,4.3,48.0,Electronics,Economy,2467196.48
6.59,11006.0,4.3,63.0,Computers&Accessories,Budget,72529.54
11.99,12999.0,4.1,33.0,Home&Kitchen,Economy,155858.01
1.85,13391.0,4.3,55.0,Computers&Accessories,Budget,24773.35
6.71,17325.0,4.1,45.0,Home&Kitchen,Budget,116250.75
5.99,109.0,2.8,77.0,Home&Kitchen,Budget,652.91
7.84,3366.0,4.1,36.0,Home&Kitchen,Budget,26389.44
2.6,7354.0,3.8,8.0,Computers&Accessories,Budget,19120.4
4.55,2806.0,4.3,66.0,Computers&Accessories,Budget,12767.3
395.99,45238.0,4.2,27.0,Electronics,Premium,17913795.62
4.07,343.0,4.0,83.0,Electronics,Budget,1396.01
17.99,22636.0,4.2,81.0,Electronics,Economy,407221.64
57.48,4390.0,4.0,70.0,Electronics,Mid-Range,252337.2
515.88,3231.0,4.3,43.0,Home&Kitchen,Luxury,1666808.28
14.39,25910.0,3.6,85.0,Electronics,Economy,372844.9
11.99,27441.0,4.2,50.0,Computers&Accessories,Economy,329017.59
1.91,989.0,4.3,12.0,Electronics,Budget,1888.99
4.55,3096.0,4.3,62.0,Home&Kitchen,Budget,14086.8
119.99,1269.0,4.2,64.0,Electronics,Mid-Range,152267.31
5.99,53.0,3.7,77.0,Home&Kitchen,Budget,317.47
23.99,17833.0,3.8,75.0,Electronics,Economy,427813.67
83.88,1771.0,4.4,51.0,Home&Kitchen,Mid-Range,148551.48
14.99,4598.0,4.4,55.0,Computers&Accessories,Economy,68924.02
167.99,45238.0,4.2,44.0,Electronics,Premium,7599531.62
3.52,1456.0,4.1,41.0,Home&Kitchen,Budget,5125.12
2.99,43994.0,4.0,38.0,Computers&Accessories,Budget,131542.06
2.39,3197.0,4.0,82.0,Electronics,Budget,7640.83
5.99,2165.0,4.4,45.0,Electronics,Budget,12968.35
11.4,5911.0,4.3,41.0,Home&Kitchen,Economy,67385.4
9.47,34540.0,4.2,61.0,Computers&Accessories,Budget,327093.8
45.59,11935.0,4.2,37.0,Home&Kitchen,Economy,544116.65
14.39,2908.0,4.2,70.0,Electronics,Economy,41846.12
1.67,9377.0,4.0,44.0,Computers&Accessories,Budget,15659.59
13.19,9772.0,4.2,43.0,Home&Kitchen,Economy,128892.68
19.19,2727.0,4.2,47.0,Electronics,Economy,52331.13
77.99,313832.0,4.1,19.0,Electronics,Mid-Range,24475757.68
17.39,9019.0,3.9,38.0,Home&Kitchen,Economy,156840.41
2.39,1996.0,4.1,60.0,Home&Kitchen,Budget,4770.44
7.64,24.0,4.1,58.0,Electronics,Budget,183.36
47.99,17159.0,4.3,76.0,Electronics,Economy,823460.41
323.99,2886.0,4.6,29.0,Computers&Accessories,Premium,935035.14
31.19,14266.0,3.9,13.0,Electronics,Economy,444956.54
6.59,1074.0,3.6,45.0,Home&Kitchen,Budget,7077.66
7.19,590.0,4.2,54.0,Home&Kitchen,Budget,4242.1
4.67,838.0,4.3,61.0,Computers&Accessories,Budget,3913.46
4.2,8314.0,3.9,42.0,Computers&Accessories,Budget,34918.8
9.59,63.0,4.5,73.0,Home&Kitchen,Budget,604.17
4.79,23.0,3.3,60.0,Electronics,Budget,110.17
7.19,47.0,4.2,70.0,Electronics,Budget,337.93
17.99,6355.0,4.1,29.0,Home&Kitchen,Economy,114326.45
5.99,1462.0,3.9,64.0,Computers&Accessories,Budget,8757.38
65.99,4353.0,3.8,45.0,Home&Kitchen,Mid-Range,287254.47
2.39,4740.0,4.0,90.0,Electronics,Budget,11328.6
23.79,5873.0,4.1,40.0,Home&Kitchen,Economy,139718.67
35.99,48449.0,4.1,62.0,Electronics,Economy,1743679.51
4.21,5380.0,4.0,65.0,Home&Kitchen,Budget,22649.8
9.18,6055.0,4.2,21.0,Home&Kitchen,Budget,55584.9
11.76,4740.0,4.2,0.0,Home&Kitchen,Economy,55742.4
575.88,7109.0,4.3,32.0,Electronics,Luxury,4093930.92
35.98,5179.0,4.1,50.0,Electronics,Economy,186340.42
4.79,5730.0,4.1,73.0,Computers&Accessories,Budget,27446.7
4.79,431.0,3.4,56.0,Electronics,Budget,2064.49
74.39,14391.0,4.1,40.0,Home&Kitchen,Mid-Range,1070546.49
14.81,16680.0,4.5,23.0,Computers&Accessories,Economy,247030.8
2.39,159.0,2.9,72.0,Home&Kitchen,Budget,380.01
4.19,46399.0,3.9,65.0,Electronics,Budget,194411.81
15.59,7318.0,4.4,35.0,Computers&Accessories,Economy,114087.62
17.94,10541.0,4.5,25.0,Computers&Accessories,Economy,189105.54
167.99,2180.0,3.9,13.0,Electronics,Premium,366218.2
101.99,313836.0,4.1,23.0,Electronics,Mid-Range,32008133.64
2.15,92595.0,4.2,64.0,Computers&Accessories,Budget,199079.25
14.82,203.0,4.1,18.0,Home&Kitchen,Economy,3008.46
13.19,604.0,4.0,45.0,Home&Kitchen,Economy,7966.76
7.2,2593.0,3.8,6.0,Home&Kitchen,Budget,18669.6
17.88,98250.0,4.1,25.0,Electronics,Economy,1756710.0
9.48,103.0,3.0,60.0,Electronics,Budget,976.44
4.19,16557.0,3.8,65.0,Electronics,Budget,69373.83
5.39,24269.0,4.2,65.0,Computers&Accessories,Budget,130809.91
6.42,4426.0,4.4,0.0,OfficeProducts,Budget,28414.92
43.19,10324.0,4.0,51.0,Home&Kitchen,Economy,445893.56
